name,symbol,liquidity,dev_score,community_score,public_interest_score,total_score,report_date
Bitcoin,BTC,2643968851,0.98,0.87,0.43,0.91,2018-03-17 20:59:49
Ethereum,ETH,840096081,0.94,0.67,0.4,0.81,2018-03-17 20:59:49
Litecoin,LTC,390506613,0.89,0.71,0.38,0.78,2018-03-17 20:59:49
Ripple,XRP,296145000,0.83,0.7,0.33,0.77,2018-03-17 20:59:49
Monero,XMR,59129910,0.9,0.66,0.37,0.74,2018-03-17 20:59:49
NEO,NEO,103199692,0.82,0.69,0.36,0.73,2018-03-17 20:59:49
EOS,EOS,155769146,0.88,0.57,0.34,0.73,2018-03-17 20:59:49
Cardano,ADA,69278144,0.87,0.57,0.34,0.71,2018-03-17 20:59:49
Dash,DASH,96373869,0.85,0.55,0.39,0.7,2018-03-17 20:59:49
Stellar,XLM,26951037,0.86,0.6,0.39,0.7,2018-03-17 20:59:49
Bitcoin Cash,BCH,447845659,0.7,0.55,0.39,0.7,2018-03-17 20:59:49
Ethereum Classic,ETC,176837238,0.81,0.51,0.37,0.69,2018-03-17 20:59:49
Tron,TRX,146523552,0.79,0.57,0.28,0.69,2018-03-17 20:59:49
Qtum,QTUM,99832500,0.84,0.49,0.34,0.68,2018-03-17 20:59:49
Lisk,LSK,24899987,0.87,0.54,0.34,0.67,2018-03-17 20:59:49
Zcash,ZEC,41656400,0.88,0.49,0.36,0.67,2018-03-17 20:59:49
Nano,NANO,25698373,0.8,0.55,0.3,0.66,2018-03-17 20:59:49
Dogecoin,DOGE,4320560,0.84,0.64,0.36,0.66,2018-03-17 20:59:49
Gas,GAS,4703157,0.82,0.69,0.3,0.65,2018-03-17 20:59:49
Waves,WAVES,21072700,0.83,0.5,0.38,0.65,2018-03-17 20:59:49
IOTA,IOT,22886227,0.63,0.62,0.39,0.64,2018-03-17 20:59:49
Status,SNT,10129033,0.86,0.46,0.4,0.64,2018-03-17 20:59:49
Golem,GNT,6104280,0.86,0.5,0.4,0.63,2018-03-17 20:59:49
Siacoin,SC,2078278,0.88,0.52,0.33,0.63,2018-03-17 20:59:49
Verge,XVG,10494068,0.78,0.54,0.36,0.63,2018-03-17 20:59:49
NEM,XEM,51695397,0.61,0.51,0.37,0.63,2018-03-17 20:59:49
Steem Dollars,SBD,1091893,0.87,0.49,0.44,0.6,2018-03-17 20:59:49
BitShares,BTS,3585100,0.83,0.45,0.33,0.6,2018-03-17 20:59:49
Augur,REP,1523370,0.83,0.47,0.34,0.6,2018-03-17 20:59:49
Enigma,ENG,6297061,0.82,0.46,0.32,0.6,2018-03-17 20:59:49
0x,ZRX,3466676,0.8,0.46,0.29,0.59,2018-03-17 20:59:49
Nebulas,NAS,8473630,0.79,0.42,0.31,0.59,2018-03-17 20:59:49
Digibyte,DGB,1232995,0.82,0.44,0.32,0.58,2018-03-17 20:59:49
PIVX,PIVX,801498,0.83,0.47,0.32,0.58,2018-03-17 20:59:49
Bytom,BTM,8212920,0.79,0.36,0.27,0.58,2018-03-17 20:59:49
Decred,DCR,715063,0.82,0.45,0.33,0.58,2018-03-17 20:59:49
Factom,FCT,2239091,0.78,0.47,0.33,0.58,2018-03-17 20:59:49
Raiden Network Token,RDN,7577062,0.84,0.37,0.3,0.58,2018-03-17 20:59:49
ICON,ICX,22787664,0.47,0.52,0.39,0.57,2018-03-17 20:59:49
Storj,STORJ,5834271,0.7,0.46,0.28,0.57,2018-03-17 20:59:49
OmiseGo,OMG,29574500,0.51,0.47,0.3,0.56,2018-03-17 20:59:49
ZCoin,XZC,950480,0.8,0.43,0.31,0.56,2018-03-17 20:59:49
Zilliqa,ZIL,16254016,0.72,0.35,0.26,0.56,2018-03-17 20:59:49
Stratis,STRAT,4921079,0.62,0.48,0.33,0.56,2018-03-17 20:59:49
Aeternity,AE,941001,0.83,0.36,0.27,0.56,2018-03-17 20:59:49
Vertcoin,VTC,778625,0.71,0.53,0.33,0.56,2018-03-17 20:59:49
Bitcoin Gold,BTG,22597856,0.82,0.17,0.32,0.56,2018-03-17 20:59:49
Reddcoin,RDD,3012048,0.61,0.53,0.33,0.56,2018-03-17 20:59:49
Steem,STEEM,1782527,0.87,0.18,0.43,0.56,2018-03-17 20:59:49
Komodo,KMD,718931,0.7,0.47,0.32,0.55,2018-03-17 20:59:49
Binance Coin,BNB,83718161,0.12,0.55,0.81,0.55,2018-03-17 20:59:49
LBRY Credits,LBC,1161024,0.84,0.41,0.3,0.55,2018-03-17 20:59:49
Neblio,NEBL,10918685,0.71,0.4,0.27,0.55,2018-03-17 20:59:49
Bancor Network Token,BNT,3149425,0.73,0.41,0.3,0.55,2018-03-17 20:59:49
Kyber Network,KNC,3782506,0.73,0.34,0.34,0.55,2018-03-17 20:59:49
Syscoin,SYS,2507130,0.69,0.44,0.3,0.55,2018-03-17 20:59:49
Nexus,NXS,1494338,0.75,0.36,0.35,0.55,2018-03-17 20:59:49
VeChain,VEN,24855550,0.32,0.55,0.29,0.54,2018-03-17 20:59:49
NXT,NXT,2057239,0.6,0.48,0.36,0.54,2018-03-17 20:59:49
MaidSafeCoin,MAID,850714,0.71,0.43,0.29,0.54,2018-03-17 20:59:49
SONM,SNM,789263,0.74,0.44,0.29,0.54,2018-03-17 20:59:49
ETHLend,LEND,2194736,0.66,0.46,0.27,0.53,2018-03-17 20:59:49
Burst,BURST,432129,0.78,0.41,0.3,0.53,2018-03-17 20:59:49
Bytecoin,BCN,2041271,0.55,0.46,0.34,0.53,2018-03-17 20:59:49
Feathercoin,FTC,351419,0.78,0.4,0.32,0.53,2018-03-17 20:59:49
NAV Coin,NAV,264269,0.72,0.44,0.31,0.53,2018-03-17 20:59:49
Ark,ARK,872168,0.54,0.5,0.37,0.53,2018-03-17 20:59:49
Simple Token,OST, 2896024,0.73,0.33,0.41,0.53,2018-03-17 20:59:49
Electroneum,ETN,1207052,0.51,0.55,0.32,0.53,2018-03-17 20:59:49
Aragon,ANT,774564,0.79,0.35,0.34,0.53,2018-03-17 20:59:49
ZenCash,ZEN,576452,0.71,0.42,0.29,0.53,2018-03-17 20:59:49
Blocknet,BLOCK,379037,0.79,0.39,0.28,0.53,2018-03-17 20:59:49
Quantum Resistant Ledger,QRL,2636702,0.79,0.35,0.29,0.53,2018-03-17 20:59:49
Zclassic,ZCL,506920,0.77,0.36,0.3,0.53,2018-03-17 20:59:49
Polymath Network,POLY,953150,0.71,0.41,0.28,0.52,2018-03-17 20:59:49
Nucleus Vision,NCASH,15342898,0.34,0.49,0.35,0.52,2018-03-17 20:59:49
Peercoin,PPC,343441,0.74,0.41,0.34,0.52,2018-03-17 20:59:49
RChain,RHOC,171200,0.79,0.34,0.27,0.52,2018-03-17 20:59:49
AppCoins,APPC,2920245,0.59,0.41,0.31,0.52,2018-03-17 20:59:49
Byteball Bytes,GBYTE,377686,0.67,0.41,0.28,0.52,2018-03-17 20:59:49
Metaverse ETP,ETP,578792,0.73,0.4,0.28,0.52,2018-03-17 20:59:49
aelf,ELF,26233313,0.76,0.098,0.34,0.51,2018-03-17 20:59:49
Nimiq,NET,173453,0.83,0.33,0.42,0.51,2018-03-17 20:59:49
Melon,MLN,424860,0.78,0.34,0.36,0.51,2018-03-17 20:59:49
MonaCoin,MONA,1755619,0.61,0.38,0.3,0.51,2018-03-17 20:59:49
Request Network,REQ,2614090,0.43,0.5,0.38,0.51,2018-03-17 20:59:49
NuBits,USNBT,13332400,0.59,0.33,0.27,0.51,2018-03-17 20:59:49
Gnosis,GNO,490473,0.64,0.41,0.36,0.5,2018-03-17 20:59:49
DeepOnion,ONION,73498,0.77,0.46,0.29,0.5,2018-03-17 20:59:49
Chronobank,TIME,543336,0.76,0.34,0.26,0.5,2018-03-17 20:59:49
Decentraland,MANA,15913982,0.44,0.44,0.27,0.5,2018-03-17 20:59:49
Gridcoin,GRC,20588,0.81,0.4,0.31,0.5,2018-03-17 20:59:49
SmartCash,SMART,169948,0.69,0.41,0.28,0.49,2018-03-17 20:59:49
Achain,ACT,4760185,0.71,0.17,0.32,0.49,2018-03-17 20:59:49
Counterparty,XCP,561583,0.67,0.37,0.32,0.49,2018-03-17 20:59:49
Dragonchain,DRGN,820373,0.62,0.35,0.27,0.49,2018-03-17 20:59:49
Basic Attention Token,BAT,4846008,0.41,0.43,0.35,0.49,2018-03-17 20:59:49
iExec RLC,RLC,1115438,0.56,0.41,0.26,0.49,2018-03-17 20:59:49
Ink,INK,14766125,0.68,0.23,0.22,0.49,2018-03-17 20:59:49
Storm,STORM,15286709,0.38,0.41,0.38,0.49,2018-03-17 20:59:49
Bread,BRD,1526455,0.58,0.37,0.36,0.49,2018-03-17 20:59:49
VeriCoin,VRC,418568,0.66,0.4,0.29,0.48,2018-03-17 20:59:49
Enjin Coin,ENJ,8968429,0.39,0.44,0.37,0.48,2018-03-17 20:59:49
Viacoin,VIA,1019426,0.56,0.36,0.3,0.48,2018-03-17 20:59:49
Particl,PART,266859,0.64,0.35,0.25,0.48,2018-03-17 20:59:49
Namecoin,NMC,63373,0.75,0.39,0.33,0.48,2018-03-17 20:59:49
district0x,DNT,492913,0.58,0.42,0.27,0.48,2018-03-17 20:59:49
AdEx,ADX,9331420,0.41,0.41,0.29,0.48,2018-03-17 20:59:49
BlockMason Credit Protocol,BCPT,5451967,0.46,0.35,0.34,0.48,2018-03-17 20:59:49
Quantstamp,QSP,4306806,0.34,0.48,0.29,0.47,2018-03-17 20:59:49
Omni (Mastercoin),OMNI,113815,0.68,0.33,0.26,0.47,2018-03-17 20:59:49
Po.et,POE, 680449,0.55,0.31,0.35,0.47,2018-03-17 20:59:49
Swarm City,SWT,143016,0.72,0.35,0.31,0.47,2018-03-17 20:59:49
Sirin Labs Token,SRN,18044195,0.34,0.39,0.28,0.47,2018-03-17 20:59:49
Einsteinium,EMC2,6936991,0.28,0.43,0.28,0.47,2018-03-17 20:59:49
Crown,CRW,66204,0.69,0.33,0.41,0.47,2018-03-17 20:59:49
Ripio Credit Network,RCN,6283873,0.39,0.37,0.26,0.46,2018-03-17 20:59:49
ION,ION,324068,0.54,0.3,0.37,0.45,2018-03-17 20:59:49
Mintcoin,MINT,121427,0.67,0.38,0.29,0.45,2018-03-17 20:59:49
LUXCoin,LUX,68364,0.73,0.31,0.27,0.45,2018-03-17 20:59:49
OKCash,OK,344857,0.52,0.42,0.29,0.45,2018-03-17 20:59:49
Skycoin,SKY,343593,0.81,0.08,0.29,0.45,2018-03-17 20:59:49
CoinFi,COFI,45814,0.64,0.38,0.41,0.45,2018-03-17 20:59:49
Aion,AION,14807786,0.2,0.43,0.33,0.45,2018-03-17 20:59:49
Cobinhood,COB,241248,0.47,0.42,0.41,0.45,2018-03-17 20:59:49
ECC,ECC,28838,0.7,0.32,0.41,0.45,2018-03-17 20:59:49
BitBay,BAY,360564,0.56,0.34,0.29,0.45,2018-03-17 20:59:49
Groestlcoin,GRS,523074,0.42,0.4,0.29,0.45,2018-03-17 20:59:49
GXShares,GXS,5845855,0.62,0.081,0.27,0.45,2018-03-17 20:59:49
Lamden,TAU,120011,0.6,0.37,0.26,0.45,2018-03-17 20:59:49
Bloom,BLT,473688,0.47,0.35,0.34,0.45,2018-03-17 20:59:49
Lunyr,LUN,1861086,0.4,0.41,0.27,0.45,2018-03-17 20:59:49
HTMLCOIN,HTML,80282,0.62,0.33,0.29,0.45,2018-03-17 20:59:49
Cindicator,CND,19972785,0.22,0.45,0.27,0.44,2018-03-17 20:59:49
Loopring,LRC,1351011,0.41,0.32,0.28,0.44,2018-03-17 20:59:49
eBitcoin,EBTC,325887,0.59,0.37,0.25,0.44,2018-03-17 20:59:49
SingularDTV,SNGLS,529613,0.44,0.39,0.29,0.44,2018-03-17 20:59:49
ChainLink,LINK,9921679,0.57,0.08199999999999999,0.3,0.44,2018-03-17 20:59:49
WeTrust,TRST,188148,0.57,0.37,0.29,0.44,2018-03-17 20:59:49
Shift,SHIFT,95339,0.51,0.35,0.38,0.44,2018-03-17 20:59:49
Bismuth,BIS,34948,0.79,0.24,0.37,0.44,2018-03-17 20:59:49
Substratum,SUB,5170283,0.17,0.48,0.27,0.44,2018-03-17 20:59:49
Aeon,AEON,53187,0.64,0.34,0.27,0.44,2018-03-17 20:59:49
Hive,HVN,53424,0.61,0.35,0.34,0.44,2018-03-17 20:59:49
INS Ecosystem,INS,7227770,0.29,0.38,0.27,0.43,2018-03-17 20:59:49
BlackCoin,BLK,185534,0.44,0.43,0.32,0.43,2018-03-17 20:59:49
STK,STK,2616491,0.42,0.29,0.38,0.43,2018-03-17 20:59:49
Nuls,NULS,8827686,0.55,0.085,0.31,0.43,2018-03-17 20:59:49
DADI,DADI,806985,0.43,0.37,0.37,0.43,2018-03-17 20:59:49
Kin,KIN,128064,0.4,0.4,0.33,0.43,2018-03-17 20:59:49
Sumokoin,SUMO,34805,0.71,0.35,0.29,0.43,2018-03-17 20:59:49
Synereo,AMP,834706,0.39,0.37,0.28,0.43,2018-03-17 20:59:49
Mysterium,MYST,750638,0.74,0.083,0.3,0.43,2018-03-17 20:59:49
Genesis Vision,GVT,19976400,0.15,0.42,0.31,0.43,2018-03-17 20:59:49
AirSwap,AST,3739780,0.21,0.43,0.28,0.43,2018-03-17 20:59:49
Bitcore,BTX,2196813,0.54,0.14,0.3,0.43,2018-03-17 20:59:49
WePower,WPR,3390135,0.48,0.17,0.3,0.42,2018-03-17 20:59:49
BitClave,CAT,771763,0.49,0.29,0.27,0.42,2018-03-17 20:59:49
Neumark,NEU,120349,0.62,0.3,0.26,0.42,2018-03-17 20:59:49
Theta Token,THETA,7306293,0.17,0.4,0.26,0.42,2018-03-17 20:59:49
SingularityNET,AGI,156382,0.53,0.24,0.27,0.42,2018-03-17 20:59:49
Pascalcoin,PASC,26537,0.62,0.33,0.27,0.42,2018-03-17 20:59:49
Trinity Network Credit,TNC,891014,0.55,0.086,0.39,0.42,2018-03-17 20:59:49
Myriadcoin,XMY,34202,0.57,0.39,0.28,0.42,2018-03-17 20:59:49
Bluzelle,BLZ,3693660,0.55,0.091,0.26,0.42,2018-03-17 20:59:49
Asch,XAS,1593940,0.69,0.0,0.29,0.42,2018-03-17 20:59:49
Oyster Pearl,PRL,425937,0.64,0.08199999999999999,0.3,0.42,2018-03-17 20:59:49
Agrello,DLT,569320,0.31,0.38,0.26,0.42,2018-03-17 20:59:49
MinexCoin,MNX,212870,0.44,0.34,0.28,0.42,2018-03-17 20:59:49
Ambrosus,AMB,237172,0.51,0.25,0.27,0.42,2018-03-17 20:59:49
Expanse,EXP,189084,0.42,0.39,0.31,0.42,2018-03-17 20:59:49
Tether,USDT,1746040000,0.0,0.08800000000000001,0.35,0.42,2018-03-17 20:59:49
Clams,CLAM,135555,0.6,0.26,0.25,0.42,2018-03-17 20:59:49
Primecoin,XPM,76136,0.51,0.36,0.31,0.42,2018-03-17 20:59:49
Humaniq,HMQ,482995,0.43,0.33,0.27,0.42,2018-03-17 20:59:49
NuShares,NSR,17,0.59,0.33,0.26,0.41,2018-03-17 20:59:49
Waltonchain,WTC,4515601,0.0,0.5,0.33,0.41,2018-03-17 20:59:49
BLOCKv,VEE,461496,0.33,0.34,0.39,0.41,2018-03-17 20:59:49
Amber,AMB,27,0.35,0.4,0.34,0.41,2018-03-17 20:59:49
Matchpool,GUP,4092435,0.3,0.34,0.28,0.41,2018-03-17 20:59:49
XtraBYtes,XBY,65084,0.42,0.41,0.27,0.41,2018-03-17 20:59:49
SIBCoin,SIB,65038,0.57,0.25,0.29,0.41,2018-03-17 20:59:49
Hempcoin,THC,120605,0.48,0.36,0.3,0.41,2018-03-17 20:59:49
carVertical,CV,737887,0.38,0.38,0.25,0.41,2018-03-17 20:59:49
Zoin,ZOI,67735,0.65,0.27,0.2,0.41,2018-03-17 20:59:49
Denarius,DNR,30807,0.72,0.24,0.32,0.41,2018-03-17 20:59:49
BANKEX,BKX, 1710360,0.36,0.34,0.26,0.41,2018-03-17 20:59:49
Ardor,ARDR,3108782,0.084,0.45,0.26,0.41,2018-03-17 20:59:49
Santiment Network Token,SAN,8824790,0.45,0.08,0.28,0.41,2018-03-17 20:59:49
POA Network,POA,2564785,0.51,0.08199999999999999,0.3,0.41,2018-03-17 20:59:49
Garlicoin,GRLC,2986,0.65,0.45,0.29,0.41,2018-03-17 20:59:49
Bean Cash,BITB,1107164,0.31,0.28,0.39,0.41,2018-03-17 20:59:49
Gulden,NLG,70402,0.46,0.35,0.32,0.4,2018-03-17 20:59:49
Jibrel Network,JNT,934295,0.43,0.14,0.28,0.4,2018-03-17 20:59:49
LATOKEN,LA,631757,0.39,0.35,0.28,0.4,2018-03-17 20:59:49
Time New Bank,TNB,2067002,0.16,0.33,0.46,0.4,2018-03-17 20:59:49
Aeron,ARN,525709,0.33,0.36,0.28,0.4,2018-03-17 20:59:49
Potcoin,POT,458420,0.31,0.41,0.32,0.4,2018-03-17 20:59:49
Pirl,PIRL,59008,0.62,0.28,0.3,0.4,2018-03-17 20:59:49
Monaco,MCO,10890247,0.0,0.45,0.28,0.4,2018-03-17 20:59:49
Revain,R,3546578,0.19,0.33,0.26,0.4,2018-03-17 20:59:49
Diamond,DMD,33875,0.55,0.31,0.33,0.4,2018-03-17 20:59:49
Civic,CVC,5452616,0.0,0.46,0.34,0.4,2018-03-17 20:59:49
Curecoin,CURE,167931,0.51,0.34,0.28,0.4,2018-03-17 20:59:49
Whitecoin,XWC,92033,0.54,0.31,0.26,0.4,2018-03-17 20:59:49
WAX,WAX,3256023,0.17,0.33,0.35,0.4,2018-03-17 20:59:49
Viberate,VIB,9105015,0.13,0.38,0.38,0.4,2018-03-17 20:59:49
Dynamic,DYN,107383,0.65,0.12,0.39,0.39,2018-03-17 20:59:49
Bibox Token,BIX,2625900,0.17,0.36,0.27,0.39,2018-03-17 20:59:49
Auroracoin,AUR,191085,0.43,0.34,0.31,0.39,2018-03-17 20:59:49
B3Coin,KB3,8474,0.59,0.34,0.28,0.39,2018-03-17 20:59:49
TenX,PAY,4687920,0.0,0.5,0.29,0.39,2018-03-17 20:59:49
KickCoin,KICK,2651274,0.22,0.35,0.3,0.39,2018-03-17 20:59:49
CyberMiles,CMT,5362672,0.14,0.37,0.26,0.39,2018-03-17 20:59:49
Musicoin,MUSIC,56712,0.67,0.15,0.29,0.39,2018-03-17 20:59:49
Centra,CTR,3963656,0.14,0.4,0.33,0.39,2018-03-17 20:59:49
Rise,RISE,11243186,0.28,0.15,0.4,0.39,2018-03-17 20:59:49
Vcash,XVC,2357306,0.41,0.18,0.3,0.39,2018-03-17 20:59:49
Golos,GOLOS,20534,0.76,0.11,0.29,0.39,2018-03-17 20:59:49
Unobtanium,UNO,52411,0.52,0.26,0.29,0.39,2018-03-17 20:59:49
EmerCoin,EMC,894644,0.3,0.26,0.3,0.39,2018-03-17 20:59:49
SunContract,SNC,7838769,0.16,0.36,0.26,0.39,2018-03-17 20:59:49
Memetic,MEME,149447,0.47,0.27,0.26,0.38,2018-03-17 20:59:49
Bulwark,BWK,3861,0.5,0.31,0.29,0.38,2018-03-17 20:59:49
Paragon,PRG,107057,0.18,0.51,0.33,0.38,2018-03-17 20:59:49
FLO,FLO,677798,0.34,0.24,0.41,0.38,2018-03-17 20:59:49
adToken,ADT,747777,0.34,0.26,0.28,0.38,2018-03-17 20:59:49
Genaro Network,GNX,4653350,0.17,0.29,0.26,0.38,2018-03-17 20:59:49
QASH,QASH,3187518,0.0,0.43,0.27,0.38,2018-03-17 20:59:49
Bounty0x,BNTY,37287,0.46,0.34,0.26,0.38,2018-03-17 20:59:49
Edgeless,EDG,496211,0.2,0.38,0.27,0.38,2018-03-17 20:59:49
Tierion,TNT,3369712,0.12,0.37,0.28,0.38,2018-03-17 20:59:49
Modum,MOD,2296210,0.18,0.34,0.4,0.38,2018-03-17 20:59:49
Ubiq,UBQ,1387920,0.49,0.095,0.29,0.38,2018-03-17 20:59:49
UTRUST,UTK,1854594,0.14,0.4,0.27,0.38,2018-03-17 20:59:49
Solaris,XLR,27461,0.48,0.26,0.37,0.38,2018-03-17 20:59:49
Crypto Bullion,CBX,121,0.58,0.33,0.31,0.38,2018-03-17 20:59:49
HyperStake,HYP,2177,0.67,0.22,0.28,0.38,2018-03-17 20:59:49
Agoras,AGRS,1210872,0.27,0.25,0.33,0.37,2018-03-17 20:59:49
Everex,EVX,2307117,0.14,0.38,0.26,0.37,2018-03-17 20:59:49
EchoLink,EKO,2577308,0.32,0.24,0.27,0.37,2018-03-17 20:59:49
DraftCoin,DFT,286056,0.41,0.28,0.31,0.37,2018-03-17 20:59:49
Telcoin,TEL,506943,0.17,0.41,0.29,0.37,2018-03-17 20:59:49
DAO.Casino,BET,4899,0.55,0.28,0.28,0.37,2018-03-17 20:59:49
VeriumReserve,VRM,22386,0.44,0.39,0.25,0.37,2018-03-17 20:59:49
Etherparty,FUEL,346606,0.31,0.28,0.26,0.37,2018-03-17 20:59:49
KuCoin Shares,KCS,755308,0.0,0.44,0.41,0.37,2018-03-17 20:59:49
First Blood,1ST,135897,0.38,0.16,0.39,0.37,2018-03-17 20:59:49
Datum,DAT,1976038,0.13,0.35,0.33,0.37,2018-03-17 20:59:49
Novacoin,NVC,19878,0.62,0.18,0.31,0.37,2018-03-17 20:59:49
Cloakcoin,CLOAK,444673,0.19,0.36,0.28,0.37,2018-03-17 20:59:49
Zeepin,ZPT,934252,0.12,0.43,0.27,0.37,2018-03-17 20:59:49
Obsidian,ODN,22914,0.45,0.37,0.32,0.37,2018-03-17 20:59:49
Ignition,IC,11158,0.59,0.23,0.36,0.37,2018-03-17 20:59:49
SwftCoin,SWFTC,6320341,0.15,0.27,0.28,0.37,2018-03-17 20:59:49
GameCredits,GAME,715860,0.37,0.14,0.31,0.37,2018-03-17 20:59:49
Iconomi,ICN,1896280,0.0,0.46,0.29,0.37,2018-03-17 20:59:49
Tokenbox,TBX,7308,0.56,0.25,0.26,0.37,2018-03-17 20:59:49
OpenANX,OAX,288538,0.3,0.28,0.25,0.37,2018-03-17 20:59:49
Blackmoon Crypto,BMC,741858,0.18,0.36,0.32,0.37,2018-03-17 20:59:49
Dentacoin,DCN,101155,0.16,0.42,0.27,0.36,2018-03-17 20:59:49
Transfercoin,TX,135871,0.48,0.069,0.3,0.36,2018-03-17 20:59:49
Linda,LINDA,165658,0.61,0.083,0.29,0.36,2018-03-17 20:59:49
Faircoin,FAIR,70680,0.44,0.31,0.28,0.36,2018-03-17 20:59:49
Linkeye,LET,4667669,0.0,0.4,0.35,0.36,2018-03-17 20:59:49
MonetaryUnit,MUE,329930,0.34,0.14,0.29,0.36,2018-03-17 20:59:49
DATA,DTA,5762283,0.096,0.26,0.41,0.36,2018-03-17 20:59:49
Monetha,MTH,1558134,0.15,0.38,0.26,0.36,2018-03-17 20:59:49
Blocktix,TIX,823683,0.15,0.34,0.26,0.36,2018-03-17 20:59:49
Medibloc,MED,314460,0.17,0.39,0.26,0.36,2018-03-17 20:59:49
FunFair,FUN,861115,0.0,0.43,0.33,0.36,2018-03-17 20:59:49
Dovu,DOVU,98,0.78,0.08199999999999999,0.26,0.36,2018-03-17 20:59:49
SwissBorg,CHSB,213379,0.23,0.36,0.26,0.36,2018-03-17 20:59:49
Cappasity,CAPP,98267,0.32,0.29,0.4,0.36,2018-03-17 20:59:49
IntenseCoin,ITNS,3082,0.51,0.35,0.29,0.36,2018-03-17 20:59:49
Red Pulse,RPX,1871010,0.073,0.35,0.29,0.36,2018-03-17 20:59:49
Delphy,DPY,4680198,0.34,0.063,0.33,0.36,2018-03-17 20:59:49
BitSend,BSD,60123,0.57,0.08,0.26,0.36,2018-03-17 20:59:49
ColossusCoinXT,COLX,15306,0.38,0.35,0.27,0.36,2018-03-17 20:59:49
HShare,HSR,11547353,0.19,0.055,0.28,0.35,2018-03-17 20:59:49
High Performance Blockchain,HPB,3643350,0.0,0.34,0.39,0.35,2018-03-17 20:59:49
SportyCo,SPF,3170125,0.14,0.35,0.26,0.35,2018-03-17 20:59:49
Ignis,IGNIS,1449490,0.0,0.39,0.3,0.35,2018-03-17 20:59:49
Wings,WINGS,2669491,0.0,0.36,0.4,0.35,2018-03-17 20:59:49
I/O Coin,IOC,6215,0.43,0.28,0.28,0.35,2018-03-17 20:59:49
MATRYX,MTX,2398647,0.14,0.28,0.36,0.35,2018-03-17 20:59:49
Dent,DENT,348595,0.0,0.45,0.32,0.35,2018-03-17 20:59:49
Qlink,QLC,326385,0.14,0.4,0.29,0.35,2018-03-17 20:59:49
Startcoin,START,416756,0.42,0.28,0.28,0.35,2018-03-17 20:59:49
SALT,SALT,4891575,0.12,0.16,0.36,0.35,2018-03-17 20:59:49
Polis,POLIS,78027,0.61,0.057,0.29,0.35,2018-03-17 20:59:49
OriginTrail,TRAC,134842,0.12,0.39,0.29,0.35,2018-03-17 20:59:49
Maker,MKR,366137,0.0,0.35,0.39,0.35,2018-03-17 20:59:49
Unikoin Gold,UKG,1172008,0.18,0.33,0.24,0.35,2018-03-17 20:59:49
CannabisCoin,CANN, 22330,0.36,0.35,0.26,0.35,2018-03-17 20:59:49
BitcoinDark,BTCD,170503,0.29,0.28,0.28,0.35,2018-03-17 20:59:49
Decision Token,HST,274503,0.15,0.36,0.38,0.35,2018-03-17 20:59:49
Neutron,NTRN,13352,0.49,0.26,0.33,0.35,2018-03-17 20:59:49
Pinkcoin,PC,20341,0.39,0.32,0.28,0.35,2018-03-17 20:59:49
DigitalNote,XDN,2630165,0.23,0.13,0.29,0.35,2018-03-17 20:59:49
Internet of People,IOP,189284,0.3,0.26,0.29,0.35,2018-03-17 20:59:49
Phore,PHR,32004,0.56,0.12,0.26,0.35,2018-03-17 20:59:49
HOdlcoin,HODL,266,0.61,0.24,0.28,0.35,2018-03-17 20:59:49
DomRaider,DRT,101061,0.33,0.33,0.26,0.35,2018-03-17 20:59:49
Karbo,KRB,19915,0.56,0.21,0.27,0.35,2018-03-17 20:59:49
Moeda Loyalty Points,MDA,169588,0.17,0.33,0.27,0.35,2018-03-17 20:59:49
EverGreenCoin,EGC,4396,0.5,0.29,0.28,0.35,2018-03-17 20:59:49
Magi,XMG,31449,0.44,0.31,0.27,0.34,2018-03-17 20:59:49
NoLimitCoin,NLC2,135729,0.43,0.14,0.29,0.34,2018-03-17 20:59:49
Spectrecoin,XSPEC,34650,0.32,0.34,0.28,0.34,2018-03-17 20:59:49
Zap,ZAP,61654,0.5,0.1,0.41,0.34,2018-03-17 20:59:49
Digitalcoin,DGC,658,0.5,0.33,0.29,0.34,2018-03-17 20:59:49
IoT Chain,ITC,7579283,0.18,0.08,0.33,0.34,2018-03-17 20:59:49
DecentBet,DBET,39323,0.33,0.33,0.26,0.34,2018-03-17 20:59:49
Goldcoin,GLD,17448,0.43,0.29,0.3,0.34,2018-03-17 20:59:49
Pillar,PLR,71577,0.12,0.37,0.34,0.34,2018-03-17 20:59:49
DeepBrain Chain,DBC,3442155,0.0,0.36,0.28,0.34,2018-03-17 20:59:49
WaBi,WABI,1422915,0.0,0.42,0.28,0.34,2018-03-17 20:59:49
Fastcoin,FST,3801,0.52,0.3,0.27,0.34,2018-03-17 20:59:49
Elastos,ELA,18055676,0.38,0.42,0.25,0.34,2018-03-17 20:59:49
Olympus Labs,MOT,732095,0.2,0.27,0.26,0.34,2018-03-17 20:59:49
STRAKS,STAK,19483,0.5,0.29,0.26,0.34,2018-03-17 20:59:49
BitcoinZ,BTCZ,19621,0.35,0.32,0.28,0.34,2018-03-17 20:59:49
Verify,CRED,5301,0.37,0.35,0.42,0.34,2018-03-17 20:59:49
DigixDAO,DGD,41490100,0.0,0.083,0.29,0.34,2018-03-17 20:59:49
DopeCoin,DOPE,154342,0.37,0.24,0.26,0.34,2018-03-17 20:59:49
Blox,CDT,297624,0.13,0.31,0.27,0.34,2018-03-17 20:59:49
Mobius,MOBI,200734,0.15,0.34,0.31,0.34,2018-03-17 20:59:49
CRYPTO20,C20,2140240,0.17,0.15,0.28,0.34,2018-03-17 20:59:49
Rock Token,RKT,78226,0.12,0.3,0.38,0.34,2018-03-17 20:59:49
Maxcoin,MAX,292,0.51,0.28,0.27,0.34,2018-03-17 20:59:49
Grid+,GRID,1058,0.35,0.34,0.27,0.34,2018-03-17 20:59:49
BitDegree,BDG,20105,0.33,0.38,0.26,0.34,2018-03-17 20:59:49
Ink Protocol,XNK,10964,0.47,0.2,0.3,0.34,2018-03-17 20:59:49
Unbreakablecoin,UNB,117248,0.31,0.19,0.28,0.34,2018-03-17 20:59:49
Karma,KRM,12154,0.39,0.26,0.36,0.34,2018-03-17 20:59:49
Gifto,GTO,1936017,0.15,0.15,0.26,0.34,2018-03-17 20:59:49
Rubycoin,RBY,5319,0.38,0.26,0.27,0.34,2018-03-17 20:59:49
Ergo,EFYT,1230,0.68,0.061,0.32,0.34,2018-03-17 20:59:49
Oxycoin,OXY,22770,0.28,0.33,0.39,0.33,2018-03-17 20:59:49
Espers,ESP,9623,0.47,0.23,0.28,0.33,2018-03-17 20:59:49
Altcoin,ALT,618,0.18,0.54,0.36,0.33,2018-03-17 20:59:49
SaluS,SLS,1420928,0.15,0.07200000000000001,0.39,0.33,2018-03-17 20:59:49
ArtByte,ABY,30334,0.28,0.38,0.27,0.33,2018-03-17 20:59:49
Populous,PPT,1178140,0.12,0.087,0.36,0.33,2018-03-17 20:59:49
XP,XP,427657,0.0,0.42,0.31,0.33,2018-03-17 20:59:49
Internet Node Token,INT,609084,0.16,0.23,0.36,0.33,2018-03-17 20:59:49
Mothership,MSP,39396,0.48,0.083,0.28,0.33,2018-03-17 20:59:49
Riecoin,RIC,21487,0.36,0.27,0.26,0.33,2018-03-17 20:59:49
Bitmark,BTM,6435,0.46,0.23,0.27,0.33,2018-03-17 20:59:49
Energycoin,ENRG,19196,0.39,0.29,0.27,0.33,2018-03-17 20:59:49
ShadowCash,SDC,108,0.57,0.2,0.24,0.33,2018-03-17 20:59:49
Netcoin,NET,4700,0.53,0.25,0.26,0.33,2018-03-17 20:59:49
AudioCoin,ADC,3368,0.65,0.071,0.28,0.33,2018-03-17 20:59:49
Viuly,VIU,219440,0.15,0.33,0.39,0.33,2018-03-17 20:59:49
Open Trading Network,OTN,70299,0.19,0.32,0.44,0.33,2018-03-17 20:59:49
Bata,BTA,3890,0.51,0.24,0.32,0.33,2018-03-17 20:59:49
Paccoin,$PAC,157598,0.52,0.44,0.3,0.33,2018-03-17 20:59:49
Covesting,COV,382868,0.17,0.29,0.39,0.33,2018-03-17 20:59:49
ICOS,ICOS,13386,0.0,0.52,0.36,0.33,2018-03-17 20:59:49
LEOcoin,LEO,15058,0.33,0.3,0.29,0.33,2018-03-17 20:59:49
Eidoo,EDO,795733,0.0,0.36,0.27,0.33,2018-03-17 20:59:49
Blitzcash,BLITZ,30216,0.53,0.075,0.26,0.33,2018-03-17 20:59:49
VoteCoin,VOT,2989,0.6,0.19,0.3,0.33,2018-03-17 20:59:49
Boolberry,BBR,6491,0.44,0.25,0.28,0.33,2018-03-17 20:59:49
Syndicate,SYNX,888126,0.31,0.1,0.34,0.33,2018-03-17 20:59:49
IOStoken,IOST,12877136,0.0,0.11,0.3,0.33,2018-03-17 20:59:49
Fedoracoin,TIPS,2139,0.38,0.33,0.27,0.33,2018-03-17 20:59:49
Stealthcoin,XST,146063,0.33,0.23,0.27,0.33,2018-03-17 20:59:49
Blockpool,BPL,253,0.43,0.26,0.32,0.33,2018-03-17 20:59:49
MediShares,MDS,9988019,0.13,0.06,0.28,0.33,2018-03-17 20:59:49
Flixxo,FLIXX,488681,0.12,0.35,0.26,0.32,2018-03-17 20:59:49
Power Ledger,POWR,6219916,0.0,0.17,0.28,0.32,2018-03-17 20:59:49
Mooncoin,MOON,6840,0.33,0.31,0.31,0.32,2018-03-17 20:59:49
Elastic,XEL,359227,0.12,0.29,0.37,0.32,2018-03-17 20:59:49
VIBE,VIBE,749938,0.15,0.14,0.33,0.32,2018-03-17 20:59:49
SpankChain,SPANK,87820,0.14,0.37,0.086,0.32,2018-03-17 20:59:49
Zeitcoin,ZEIT,2324,0.4,0.29,0.27,0.32,2018-03-17 20:59:49
Metal,MTL,11133300,0.0,0.15,0.33,0.32,2018-03-17 20:59:49
Earthcoin,EAC,2281,0.4,0.29,0.27,0.32,2018-03-17 20:59:49
indaHash,IDH,65870,0.16,0.34,0.26,0.32,2018-03-17 20:59:49
Blockport,BPT,158233,0.16,0.28,0.28,0.32,2018-03-17 20:59:49
Swarm,SWM,8,0.3,0.3,0.34,0.32,2018-03-17 20:59:49
TrustPlus,TRUST,54260,0.38,0.23,0.29,0.32,2018-03-17 20:59:49
Creditbit,CRB,82430,0.31,0.29,0.28,0.32,2018-03-17 20:59:49
Lampix,PIX,100254,0.28,0.32,0.25,0.32,2018-03-17 20:59:49
Privatix,PRIX,3703,0.39,0.32,0.25,0.32,2018-03-17 20:59:49
Radium,RADS,93213,0.39,0.064,0.36,0.32,2018-03-17 20:59:49
Spectre.ai Utility Token,SXUT,1595880,0.0,0.31,0.25,0.32,2018-03-17 20:59:49
Hush,HUSH,8655,0.32,0.26,0.38,0.32,2018-03-17 20:59:49
Gambit,GAM,16634,0.56,0.076,0.31,0.32,2018-03-17 20:59:49
Bottos,BTO,492986,0.2,0.18,0.26,0.32,2018-03-17 20:59:49
Wagerr,WGR,8994,0.14,0.37,0.26,0.32,2018-03-17 20:59:49
Change,CAG,902514,0.12,0.15,0.41,0.32,2018-03-17 20:59:49
Anoncoin,ANC,278,0.47,0.24,0.27,0.32,2018-03-17 20:59:49
CampusCoin,CMPCO,40653,0.37,0.29,0.27,0.32,2018-03-17 20:59:49
GlobalToken,GLT,493,0.58,0.19,0.27,0.32,2018-03-17 20:59:49
Terracoin,TRC,4089,0.37,0.3,0.28,0.32,2018-03-17 20:59:49
Sexcoin,SXC,6951,0.43,0.26,0.27,0.32,2018-03-17 20:59:49
Maza,MZC,5072,0.39,0.32,0.26,0.32,2018-03-17 20:59:49
SmartMesh,SMT,4293869,0.15,0.071,0.25,0.32,2018-03-17 20:59:49
HEROcoin,PLAY,39973,0.19,0.32,0.29,0.32,2018-03-17 20:59:49
AdCoin,ACC,1379,0.56,0.2,0.28,0.32,2018-03-17 20:59:49
DNotes,NOTE,2713,0.38,0.3,0.28,0.32,2018-03-17 20:59:49
Snovio,SNOV,742195,0.0,0.36,0.26,0.32,2018-03-17 20:59:49
LockChain,LOC,48191,0.38,0.14,0.4,0.32,2018-03-17 20:59:49
Veritaseum,VERI,359213,0.15,0.12,0.31,0.31,2018-03-17 20:59:49
Chaincoin,CHC,2610,0.68,0.0,0.27,0.31,2018-03-17 20:59:49
Quark,QRK,2065,0.37,0.29,0.31,0.31,2018-03-17 20:59:49
Tezos,XTZ,491695,0.47,0.44,0.32,0.31,2018-03-17 20:59:49
Zetacoin,ZET,2698,0.42,0.28,0.28,0.31,2018-03-17 20:59:49
SHIELD,XSH,45754,0.46,0.078,0.3,0.31,2018-03-17 20:59:49
Asiacoin,AC,1976,0.38,0.21,0.25,0.31,2018-03-17 20:59:49
BitSwift,SWIFT,5078,0.41,0.25,0.28,0.31,2018-03-17 20:59:49
Pareto Network,PARETO,16504,0.14,0.42,0.28,0.31,2018-03-17 20:59:49
Operacoin,OCN,73501100,0.0,0.12,0.27,0.31,2018-03-17 20:59:49
AirToken,AIR,192790,0.12,0.32,0.26,0.31,2018-03-17 20:59:49
Sequence,SEQ,7163,0.49,0.076,0.42,0.31,2018-03-17 20:59:49
Elementrem,ELE,489,0.46,0.25,0.25,0.31,2018-03-17 20:59:49
TaaS,TAAS,287940,0.0,0.34,0.36,0.31,2018-03-17 20:59:49
Linx,LINX,8577,0.34,0.26,0.42,0.31,2018-03-17 20:59:49
Hobonickels,HBN,256,0.49,0.2,0.28,0.31,2018-03-17 20:59:49
ExclusiveCoin,EXCL,122666,0.35,0.08199999999999999,0.27,0.31,2018-03-17 20:59:49
Unify,UNIFY,1393,0.42,0.28,0.24,0.31,2018-03-17 20:59:49
Soarcoin,SOAR,4062,0.36,0.18,0.27,0.31,2018-03-17 20:59:49
Ethos,ETHOS,15720,0.0,0.44,0.32,0.31,2018-03-17 20:59:49
Bitcloud,BTDX,4932,0.38,0.25,0.27,0.31,2018-03-17 20:59:49
SophiaTX,SPHTX,151655,0.0,0.41,0.25,0.31,2018-03-17 20:59:49
GoByte,GBX,129242,0.29,0.14,0.27,0.31,2018-03-17 20:59:49
Piggycoin,PIGGY,4265,0.42,0.26,0.28,0.3,2018-03-17 20:59:49
MicroMoney,AMM,566321,0.19,0.21,0.26,0.3,2018-03-17 20:59:49
Medicalchain,MTN,10021486,0.0,0.14,0.25,0.3,2018-03-17 20:59:49
Tao,XTO,4161,0.46,0.065,0.42,0.3,2018-03-17 20:59:49
Divi,DIVX,76177,0.12,0.33,0.3,0.3,2018-03-17 20:59:49
Leverj,LEV,60219,0.16,0.28,0.32,0.3,2018-03-17 20:59:49
ALIS,ALIS,30594,0.41,0.085,0.35,0.3,2018-03-17 20:59:49
Cofound.it,CFI,740525,0.12,0.14,0.26,0.3,2018-03-17 20:59:49
Kobocoin,KOBO,279,0.52,0.15,0.27,0.3,2018-03-17 20:59:49
Worldcoin,WDC,881,0.41,0.24,0.29,0.3,2018-03-17 20:59:49
Cryptonex,CNX,168294,0.15,0.18,0.26,0.3,2018-03-17 20:59:49
Rebellious,REBL,562712,0.0,0.31,0.35,0.3,2018-03-17 20:59:49
NAGA,NGC,81208,0.0,0.34,0.31,0.3,2018-03-17 20:59:49
Everus,EVR,334612,0.12,0.22,0.27,0.3,2018-03-17 20:59:49
SpreadCoin,SPR,41965,0.32,0.21,0.28,0.3,2018-03-17 20:59:49
TEKcoin,TEK,317,0.52,0.18,0.25,0.3,2018-03-17 20:59:49
WhaleCoin,WHL,41455,0.38,0.19,0.28,0.3,2018-03-17 20:59:49
PayPie,PPP,98021,0.0,0.36,0.26,0.3,2018-03-17 20:59:49
CPChain,CPC,3739150,0.13,0.076,0.26,0.3,2018-03-17 20:59:49
ATLANT,ATL,8956,0.25,0.32,0.36,0.3,2018-03-17 20:59:49
Catcoin,CAT,3998,0.42,0.3,0.25,0.3,2018-03-17 20:59:49
Spectre.ai Dividend Token,SXDT,11794,0.14,0.31,0.23,0.3,2018-03-17 20:59:49
HelloGold,HGT,292661,0.14,0.31,0.29,0.3,2018-03-17 20:59:49
Foldingcoin,FLDC,331250,0.14,0.25,0.26,0.3,2018-03-17 20:59:49
TIES Network,TIE,58692,0.11,0.32,0.34,0.3,2018-03-17 20:59:49
Patientory,PTOY,326314,0.0,0.35,0.27,0.3,2018-03-17 20:59:49
InvestFeed,IFT,7200,0.14,0.37,0.26,0.3,2018-03-17 20:59:49
Numeraire,NMR,300987,0.0,0.29,0.26,0.3,2018-03-17 20:59:49
Lykke,LKK,14827,0.17,0.3,0.26,0.3,2018-03-17 20:59:49
Pura,PURA,93257,0.13,0.15,0.32,0.3,2018-03-17 20:59:49
MonacoCoin,XMCC,3437,0.26,0.33,0.25,0.3,2018-03-17 20:59:49
TurtleCoin,TRTL,4119,0.71,0.35,0.31,0.3,2018-03-17 20:59:49
Cryptopay,CPAY,6206,0.35,0.24,0.27,0.3,2018-03-17 20:59:49
Ellaism,ELLA,17202,0.26,0.25,0.35,0.3,2018-03-17 20:59:49
Dai,DAI,1089,0.16,0.36,0.33,0.3,2018-03-17 20:59:49
Odyssey,OCN,72782402,0.0,0.04,0.33,0.3,2018-03-17 20:59:49
CrowdCoin,CRC,13173,0.47,0.11,0.27,0.3,2018-03-17 20:59:49
Waves Community Token,WCT,24140,0.0,0.5,0.27,0.3,2018-03-17 20:59:49
XGOX,XGOX,8079,0.31,0.12,0.31,0.3,2018-03-17 20:59:49
Cannacoin,CCN,1010,0.32,0.34,0.28,0.29,2018-03-17 20:59:49
EuropeCoin,ERC,16741,0.44,0.12,0.28,0.29,2018-03-17 20:59:49
LoMoCoin,LMC,35508,0.11,0.34,0.27,0.29,2018-03-17 20:59:49
BridgeCoin,BCO,35932,0.32,0.087,0.3,0.29,2018-03-17 20:59:49
WINCOIN,WC,172168,0.15,0.14,0.28,0.29,2018-03-17 20:59:49
ALQO,ALQO,77649,0.14,0.27,0.26,0.29,2018-03-17 20:59:49
AidCoin,AID,251348,0.13,0.25,0.28,0.29,2018-03-17 20:59:49
Solarcoin,SLR,16924,0.36,0.078,0.29,0.29,2018-03-17 20:59:49
Franko,FRK,10,0.41,0.26,0.29,0.29,2018-03-17 20:59:49
Electra,ECA,54136,0.33,0.08199999999999999,0.33,0.29,2018-03-17 20:59:49
HEAT,HEAT,5605,0.43,0.13,0.28,0.29,2018-03-17 20:59:49
MyWish,WISH,8395,0.3,0.24,0.31,0.29,2018-03-17 20:59:49
Envion,EVN, 74680,0.16,0.17,0.27,0.29,2018-03-17 20:59:49
FlypMe,FYP,1036,0.31,0.29,0.25,0.29,2018-03-17 20:59:49
BlockCAT,CAT,23752,0.17,0.34,0.25,0.29,2018-03-17 20:59:49
Publica,PBL,6928,0.14,0.37,0.33,0.29,2018-03-17 20:59:49
Argentum,ARG,8585,0.55,0.063,0.28,0.29,2018-03-17 20:59:49
Worldcore,WRC,845449,0.0,0.32,0.26,0.29,2018-03-17 20:59:49
Zilla,ZLA,1318128,0.0,0.26,0.3,0.29,2018-03-17 20:59:49
Ormeus Coin,ORME,2919959,0.0,0.17,0.27,0.29,2018-03-17 20:59:49
Tokenomy,TEN,889018,0.0,0.14,0.27,0.29,2018-03-17 20:59:49
Mercury,MER,674587,0.0,0.12,0.37,0.29,2018-03-17 20:59:49
CreativeCoin,CREA,2002,0.43,0.13,0.27,0.29,2018-03-17 20:59:49
NITRO,NOX,543,0.13,0.36,0.33,0.29,2018-03-17 20:59:49
Jesus Coin,JC,122056,0.12,0.25,0.28,0.29,2018-03-17 20:59:49
Dimecoin,DIME,18430,0.11,0.33,0.28,0.29,2018-03-17 20:59:49
Voxels,VOX,2036398,0.0,0.14,0.28,0.29,2018-03-17 20:59:49
Sphere,SPHR,386977,0.13,0.18,0.35,0.28,2018-03-17 20:59:49
UFO Coin,UFO,2808,0.33,0.21,0.27,0.28,2018-03-17 20:59:49
Game,GTC,2353664,0.13,0.0,0.41,0.28,2018-03-17 20:59:49
TrezarCoin,TZC,2494,0.27,0.28,0.27,0.28,2018-03-17 20:59:49
CanYaCoin,CAN,155154,0.17,0.17,0.27,0.28,2018-03-17 20:59:49
Trade Token,TIO,207388,0.12,0.16,0.31,0.28,2018-03-17 20:59:49
Fantomcoin,FCN,359,0.37,0.21,0.28,0.28,2018-03-17 20:59:49
Guncoin,GUN,7487,0.36,0.22,0.28,0.28,2018-03-17 20:59:49
Deutsche eMark,DEM,413,0.47,0.11,0.29,0.28,2018-03-17 20:59:49
BOScoin,BOS,257413,0.45,0.34,0.26,0.28,2018-03-17 20:59:49
Storiqa,STQ,745573,0.0,0.15,0.41,0.28,2018-03-17 20:59:49
Freicoin,FRC,29,0.38,0.24,0.27,0.28,2018-03-17 20:59:49
Skeincoin,SKC,1265,0.47,0.098,0.27,0.28,2018-03-17 20:59:49
PopularCoin,POP,2609,0.34,0.22,0.28,0.28,2018-03-17 20:59:49
ATMChain,ATM,16623,0.15,0.23,0.26,0.28,2018-03-17 20:59:49
Ethorse,HORSE,35905,0.2,0.26,0.26,0.28,2018-03-17 20:59:49
NobleCoin,NOBL,515,0.27,0.3,0.25,0.28,2018-03-17 20:59:49
VIVO,VIVO,12482,0.29,0.25,0.27,0.28,2018-03-17 20:59:49
MobileGo,MGO,189809,0.0,0.28,0.29,0.28,2018-03-17 20:59:49
bitCNY,BITCNY,12381700,0.0,0.0,0.26,0.28,2018-03-17 20:59:49
REAL,REAL,115,0.35,0.14,0.4,0.28,2018-03-17 20:59:49
Paycoin,XPY,94,0.6,0.0,0.27,0.28,2018-03-17 20:59:49
ProChain,PRO,1710890,0.12,0.066,0.33,0.28,2018-03-17 20:59:49
1337,1337,1642,0.36,0.12,0.32,0.28,2018-03-17 20:59:49
Peerplays,PPY,148,0.15,0.33,0.26,0.28,2018-03-17 20:59:49
COSS,COSS,479697,0.0,0.17,0.33,0.28,2018-03-17 20:59:49
bitJob,STU,1308966,0.12,0.15,0.25,0.28,2018-03-17 20:59:49
Decent,DCT,318319,0.0,0.16,0.41,0.28,2018-03-17 20:59:49
Bonpay,BON,83255,0.12,0.28,0.25,0.28,2018-03-17 20:59:49
Presearch,PRE,59081,0.15,0.23,0.26,0.28,2018-03-17 20:59:49
Condensate,RAIN,4547,0.34,0.19,0.32,0.28,2018-03-17 20:59:49
Ixcoin,IXC,242,0.37,0.16,0.27,0.28,2018-03-17 20:59:49
Aventus,AVT,78966,0.11,0.2,0.26,0.28,2018-03-17 20:59:49
Opus,OPT,1919,0.17,0.32,0.32,0.27,2018-03-17 20:59:49
InsaneCoin,INSN,1327,0.41,0.13,0.27,0.27,2018-03-17 20:59:49
Intelligent Trading Tech,ITT,,0.63,0.3,0.4,0.27,2018-03-17 20:59:49
BoostCoin,BOST,122,0.42,0.18,0.27,0.27,2018-03-17 20:59:49
Magnet,MAG,9822,0.34,0.15,0.29,0.27,2018-03-17 20:59:49
Capricoin,CPC,131692,0.31,0.028999999999999998,0.29,0.27,2018-03-17 20:59:49
All Sports,SOC,2791438,0.0,0.08,0.39,0.27,2018-03-17 20:59:49
Universal Currency,UNIT,56459,0.24,0.11,0.34,0.27,2018-03-17 20:59:49
Machinecoin,MAC,447,0.36,0.18,0.27,0.27,2018-03-17 20:59:49
Hedge,HDG,1809,0.12,0.32,0.34,0.27,2018-03-17 20:59:49
Dotcoin,DOT,212363,0.12,0.19,0.35,0.27,2018-03-17 20:59:49
Iungo,ING,18338,0.14,0.31,0.26,0.27,2018-03-17 20:59:49
Bitstar,BITS,229,0.34,0.22,0.24,0.27,2018-03-17 20:59:49
Restart Energy MWAT,MWAT,164335,0.13,0.29,0.36,0.27,2018-03-17 20:59:49
Aurora DAO,AURA,12542,0.12,0.32,0.24,0.27,2018-03-17 20:59:49
QunQun,QUN,3120845,0.0,0.077,0.25,0.27,2018-03-17 20:59:49
Truckcoin,TRK,538,0.4,0.16,0.27,0.27,2018-03-17 20:59:49
Tagcoin,TAG,645,0.32,0.23,0.26,0.27,2018-03-17 20:59:49
DCORP,DRP,3594,0.15,0.34,0.25,0.27,2018-03-17 20:59:49
Vsync,VSX,824,0.41,0.073,0.29,0.27,2018-03-17 20:59:49
CoinMeet,MEE,5704041,0.0,0.076,0.25,0.27,2018-03-17 20:59:49
AidBit,AID,122543,0.27,0.057,0.26,0.27,2018-03-17 20:59:49
Tokes,TKS,4340,0.0,0.3,0.39,0.27,2018-03-17 20:59:49
Devery,EVE,7711,0.15,0.26,0.26,0.27,2018-03-17 20:59:49
aXpire,AXP,41743,0.0,0.28,0.38,0.27,2018-03-17 20:59:49
Hacken,HKN,38974,0.0,0.33,0.29,0.27,2018-03-17 20:59:49
Profile Utility Token,PUT,705790,0.0,0.15,0.39,0.27,2018-03-17 20:59:49
DigitalPrice,DP,6176,0.3,0.22,0.26,0.27,2018-03-17 20:59:49
Hexx,HXX,13233,0.43,0.063,0.26,0.27,2018-03-17 20:59:49
Megacoin,MEC,110,0.2,0.31,0.31,0.27,2018-03-17 20:59:49
Triggers,TRIG,5364997,0.0,0.0,0.39,0.27,2018-03-17 20:59:49
Payfair,PFR,29,0.12,0.34,0.25,0.27,2018-03-17 20:59:49
Qbao,QBT,2247490,0.0,0.085,0.3,0.27,2018-03-17 20:59:49
Circuits of Value,COVAL,26309,0.12,0.24,0.33,0.27,2018-03-17 20:59:49
Moin,MOIN,2008,0.17,0.28,0.41,0.27,2018-03-17 20:59:49
Internxt,INXT,5198,0.17,0.29,0.29,0.26,2018-03-17 20:59:49
Global Jobcoin,GJC,1909,0.13,0.36,0.25,0.26,2018-03-17 20:59:49
Bee Token,BEE,1722,0.47,0.44,0.35,0.26,2018-03-17 20:59:49
Qbic,QBIC,13089,0.4,0.11,0.27,0.26,2018-03-17 20:59:49
DubaiCoin-DBIX,DBIX,40679,0.17,0.14,0.27,0.26,2018-03-17 20:59:49
CHIPS,CHIPS,82,0.13,0.31,0.3,0.26,2018-03-17 20:59:49
Sterlingcoin,SLG,269,0.34,0.21,0.25,0.26,2018-03-17 20:59:49
CargoX,CXO,72618,0.0,0.32,0.25,0.26,2018-03-17 20:59:49
EncrypGen,DNA,25759,0.0,0.33,0.26,0.26,2018-03-17 20:59:49
FundYourselfNow,FYN,542,0.19,0.3,0.25,0.26,2018-03-17 20:59:49
Motocoin,MOTO,680,0.37,0.16,0.27,0.26,2018-03-17 20:59:49
KekCoin,KEK,18,0.36,0.14,0.27,0.26,2018-03-17 20:59:49
E-Dinar Coin,EDR,81173,0.16,0.15,0.29,0.26,2018-03-17 20:59:49
Farad,FRD,62167,0.14,0.15,0.41,0.26,2018-03-17 20:59:49
GlobalCoin,GLC,0,0.36,0.2,0.26,0.26,2018-03-17 20:59:49
Marscoin,MARS,110,0.3,0.23,0.27,0.26,2018-03-17 20:59:49
Maecenas,ART,1839,0.12,0.29,0.28,0.26,2018-03-17 20:59:49
RonPaulCoin,RPC,387,0.32,0.24,0.24,0.26,2018-03-17 20:59:49
Gimli,GIM,29,0.36,0.14,0.28,0.26,2018-03-17 20:59:49
Elixir,ELIX,11271,0.0,0.31,0.33,0.26,2018-03-17 20:59:49
Primas,PST,3920919,0.0,0.065,0.33,0.26,2018-03-17 20:59:49
IHT Real Estate Protocol,IHT,677363,0.0,0.069,0.38,0.26,2018-03-17 20:59:49
PepeCash,PEPECASH,118039,0.0,0.24,0.26,0.26,2018-03-17 20:59:49
Teslacoin,TES,3865,0.38,0.076,0.28,0.26,2018-03-17 20:59:49
Innova,INN,19528,0.31,0.076,0.32,0.26,2018-03-17 20:59:49
Scorecoin,SCORE,394,0.33,0.17,0.27,0.26,2018-03-17 20:59:49
True Chain,TRUE,128421,0.0,0.0,0.3,0.26,2018-03-17 20:59:49
Bitcoin Scrypt,BTCS,3613,0.36,0.11,0.33,0.26,2018-03-17 20:59:49
EOT Token,EOT,1594,0.3,0.24,0.3,0.26,2018-03-17 20:59:49
Dynamic Trading Rights,DTR,15662,0.0,0.22,0.39,0.26,2018-03-17 20:59:49
Influxcoin,INFX,3604,0.32,0.2,0.28,0.26,2018-03-17 20:59:49
LIFE,LIFE,186670,0.0,0.13,0.4,0.26,2018-03-17 20:59:49
Super Bitcoin [Futures],SBTC,343685,0.64,0.079,0.27,0.26,2018-03-17 20:59:49
Qvolta,QVT,18123,0.15,0.31,0.25,0.26,2018-03-17 20:59:49
Nyancoin,NYAN,1546,0.18,0.33,0.25,0.26,2018-03-17 20:59:49
Soma,SCT,1481,0.29,0.13,0.41,0.26,2018-03-17 20:59:49
Bezop,BEZ,59318,0.12,0.2,0.25,0.26,2018-03-17 20:59:49
Ruff,RUFF,5825871,0.35,0.13,0.35,0.26,2018-03-17 20:59:49
Indorse,IND,108872,0.0,0.31,0.26,0.26,2018-03-17 20:59:49
Fortuna,FOTA,1119700,0.0,0.12,0.31,0.26,2018-03-17 20:59:49
Firstcoin,FRST,975,0.14,0.16,0.32,0.26,2018-03-17 20:59:49
Wild Crypto,WILD,5012,0.31,0.12,0.26,0.25,2018-03-17 20:59:49
Block Array,ARY,37064,0.07400000000000001,0.23,0.35,0.25,2018-03-17 20:59:49
BlakeStar,BLAS,45,0.35,0.13,0.25,0.25,2018-03-17 20:59:49
Orbitcoin,ORB,218,0.4,0.064,0.27,0.25,2018-03-17 20:59:49
RouletteToken,RLT,5669,0.14,0.21,0.26,0.25,2018-03-17 20:59:49
NVO,NVST,5894,0.078,0.31,0.28,0.25,2018-03-17 20:59:49
Eroscoin,ERO,65873,0.12,0.14,0.3,0.25,2018-03-17 20:59:49
KoreCoin,KORE,357763,0.091,0.08199999999999999,0.27,0.25,2018-03-17 20:59:49
Pesetacoin,PTC,3198,0.16,0.22,0.27,0.25,2018-03-17 20:59:49
Opal,OPAL,48,0.43,0.062,0.26,0.25,2018-03-17 20:59:49
Chronologic,DAY,1900,0.45,0.0,0.27,0.25,2018-03-17 20:59:49
CoinonatX,XCXT,164,0.41,0.1,0.25,0.25,2018-03-17 20:59:49
SmartBillions,SMART,189,0.2,0.25,0.26,0.25,2018-03-17 20:59:49
FidentiaX,FDX,113551,0.0,0.27,0.25,0.25,2018-03-17 20:59:49
SkinCoin,SKIN,31538,0.21,0.14,0.27,0.25,2018-03-17 20:59:49
BitUSD,BITUSD,711804,0.0,0.09,0.27,0.25,2018-03-17 20:59:49
Social Send,SEND,1864,0.32,0.12,0.26,0.25,2018-03-17 20:59:49
Universa,UTNP,29192,0.0,0.13,0.42,0.25,2018-03-17 20:59:49
PhilosopherStone,PHS,389,0.48,0.0,0.31,0.25,2018-03-17 20:59:49
Xaurum,XAUR,26739,0.16,0.15,0.27,0.25,2018-03-17 20:59:49
Unitus,UIS,640,0.19,0.25,0.3,0.25,2018-03-17 20:59:49
Embers,MBRS,5302,0.12,0.29,0.32,0.25,2018-03-17 20:59:49
LiteDoge,LDOGE,447,0.34,0.11,0.28,0.25,2018-03-17 20:59:49
Onix,ONX,115481,0.12,0.25,0.25,0.25,2018-03-17 20:59:49
Neoscoin,NEOS,175245,0.12,0.09,0.29,0.25,2018-03-17 20:59:49
Exchange Union,XUC,376176,0.0,0.16,0.35,0.25,2018-03-17 20:59:49
BitDice,CSNO,1669,0.13,0.26,0.25,0.25,2018-03-17 20:59:49
SagaCoin,SAGA,52631,0.25,0.062,0.29,0.25,2018-03-17 20:59:49
CryptCoin,CRYPT,0,0.15,0.28,0.24,0.25,2018-03-17 20:59:49
ArcticCoin,ARC,2785,0.32,0.12,0.27,0.25,2018-03-17 20:59:49
LanaCoin,LANA,492,0.31,0.12,0.38,0.25,2018-03-17 20:59:49
Bitcoin Fast,BCF,381,0.37,0.073,0.39,0.25,2018-03-17 20:59:49
Sprouts,SPRTS,7715,0.32,0.1,0.24,0.25,2018-03-17 20:59:49
Electronic Gulden,EFL,8164,0.16,0.22,0.34,0.25,2018-03-17 20:59:49
Octocoin,888,131,0.33,0.17,0.27,0.25,2018-03-17 20:59:49
Bunnycoin,BUN,858,0.12,0.27,0.28,0.25,2018-03-17 20:59:49
IncaKoin,NKA,343,0.29,0.13,0.27,0.25,2018-03-17 20:59:49
Blakecoin,BLC,656,0.41,0.07200000000000001,0.27,0.25,2018-03-17 20:59:49
GameUnits,UNITS,24,0.34,0.16,0.25,0.25,2018-03-17 20:59:49
U.CASH,UCASH,7974,0.0,0.27,0.31,0.25,2018-03-17 20:59:49
Ratecoin,XRA,2862,0.39,0.078,0.27,0.25,2018-03-17 20:59:49
Pandacoin,PND,2251,0.38,0.0,0.26,0.25,2018-03-17 20:59:49
Clubcoin,CLUB,95418,0.36,0.26,0.29,0.25,2018-03-17 20:59:49
MyBit Token,MYB,6385,0.15,0.13,0.26,0.25,2018-03-17 20:59:49
Nework,NKC,5329173,0.0,0.0,0.31,0.25,2018-03-17 20:59:49
BuzzCoin,BUZZ,3364,0.34,0.044000000000000004,0.27,0.25,2018-03-17 20:59:49
Hackspace Capital,HAC,364047,0.0,0.15,0.25,0.25,2018-03-17 20:59:49
Huntercoin,HUC,30562,0.22,0.14,0.26,0.25,2018-03-17 20:59:49
Monkey Project,MONK,30723,0.31,0.0,0.3,0.24,2018-03-17 20:59:49
Ethbits,ETBS,52,0.12,0.32,0.23,0.24,2018-03-17 20:59:49
Rimbit,RBT,1397,0.3,0.16,0.26,0.24,2018-03-17 20:59:49
Uquid Coin,UQC,17177,0.12,0.14,0.25,0.24,2018-03-17 20:59:49
Streamr DATAcoin,DATA,24775,0.17,0.084,0.26,0.24,2018-03-17 20:59:49
TrueFlip,TFL,140773,0.11,0.073,0.27,0.24,2018-03-17 20:59:49
Trollcoin,TROLL,180,0.29,0.15,0.27,0.24,2018-03-17 20:59:49
Bitconnect,BCC,22388,0.2,0.095,0.26,0.24,2018-03-17 20:59:49
adbank,ADB,78496,0.0,0.3,0.27,0.24,2018-03-17 20:59:49
Uro,URO,0,0.35,0.17,0.25,0.24,2018-03-17 20:59:49
Smartlands,SLT,24538,0.13,0.12,0.25,0.24,2018-03-17 20:59:49
Pakcoin,PAK,655,0.31,0.14,0.27,0.24,2018-03-17 20:59:49
Geocoin,GEO,8857,0.18,0.081,0.3,0.24,2018-03-17 20:59:49
Hi Mutual Society,HMC,15611,0.0,0.12,0.37,0.24,2018-03-17 20:59:49
Ccore,CCO,2614,0.13,0.28,0.39,0.24,2018-03-17 20:59:49
DMarket,DMT,69902,0.37,0.35,0.25,0.24,2018-03-17 20:59:49
AdShares,ADST,4022,0.1,0.28,0.28,0.24,2018-03-17 20:59:49
Dashcoin,DSH,429,0.12,0.33,0.31,0.24,2018-03-17 20:59:49
HollyWoodCoin,HWC,104288,0.13,0.075,0.29,0.24,2018-03-17 20:59:49
Etheroll,DICE,40260,0.0,0.29,0.26,0.24,2018-03-17 20:59:49
Rivetz,RVT,1647,0.0,0.34,0.28,0.24,2018-03-17 20:59:49
HODL Bucks,HDLB,261,0.61,0.24,0.27,0.24,2018-03-17 20:59:49
Crystal Clear,CCT,273,0.13,0.32,0.29,0.24,2018-03-17 20:59:49
SwagBucks,BUCKS,281,0.35,0.064,0.34,0.24,2018-03-17 20:59:49
DigiPulse,DGPT,7243,0.13,0.25,0.25,0.24,2018-03-17 20:59:49
ATN,ATN,54537,0.14,0.061,0.3,0.24,2018-03-17 20:59:49
Rupaya,RUPX,24491,0.13,0.23,0.27,0.24,2018-03-17 20:59:49
InsurePal,IPL,7207,0.13,0.17,0.26,0.24,2018-03-17 20:59:49
Eltcoin,ELTCOIN,30,0.33,0.07400000000000001,0.26,0.24,2018-03-17 20:59:49
2GIVE,2GIVE,11112,0.086,0.25,0.26,0.24,2018-03-17 20:59:49
Winding Tree,LIF,148,0.66,0.14,0.38,0.24,2018-03-17 20:59:49
SproutsExtreme,SPEX,73,0.28,0.19,0.25,0.24,2018-03-17 20:59:49
BitZeny,ZNY,14737,0.13,0.2,0.31,0.24,2018-03-17 20:59:49
Gatcoin,GAT,10647,0.0,0.3,0.31,0.24,2018-03-17 20:59:49
Money,$$$,172,0.13,0.28,0.43,0.24,2018-03-17 20:59:49
InsureX,IXT,201381,0.0,0.21,0.24,0.24,2018-03-17 20:59:49
SpaceChain,SPC,61989,0.0,0.069,0.26,0.24,2018-03-17 20:59:49
Flycoin,FLY,0,0.43,0.0,0.27,0.24,2018-03-17 20:59:49
Smartcoin,SMC,2034,0.32,0.09699999999999999,0.27,0.24,2018-03-17 20:59:49
GoldBlocks,GB,114,0.33,0.11,0.26,0.24,2018-03-17 20:59:49
Primalbase,PBT,450570,0.0,0.12,0.25,0.24,2018-03-17 20:59:49
Huobi Token,HT,63003528,0.0,0.26,0.32,0.24,2018-03-17 20:59:49
Upfiring,UFR,9260,0.0,0.34,0.25,0.24,2018-03-17 20:59:49
Propy,PRO,160707,0.0,0.15,0.26,0.24,2018-03-17 20:59:49
Joulecoin,XJO,680,0.28,0.14,0.26,0.24,2018-03-17 20:59:49
Global Currency Reserve,GCR,17143,0.12,0.073,0.26,0.24,2018-03-17 20:59:49
Cypher,CYP,2,0.13,0.27,0.35,0.24,2018-03-17 20:59:49
GoldReserve,XGR,51,0.31,0.11,0.28,0.24,2018-03-17 20:59:49
Billionaire Token,XBL,293,0.13,0.27,0.35,0.24,2018-03-17 20:59:49
Signatum,SIGT,92,0.41,0.0,0.26,0.24,2018-03-17 20:59:49
LiteCoin Ultra,LTCU,178,0.3,0.17,0.32,0.24,2018-03-17 20:59:49
The ChampCoin,TCC,16267,0.12,0.14,0.27,0.24,2018-03-17 20:59:49
Phoenixcoin,PXC,158,0.2,0.22,0.27,0.23,2018-03-17 20:59:49
DEW,DEW,81536,0.0,0.094,0.35,0.23,2018-03-17 20:59:49
Renos,RNS,1520,0.28,0.07,0.36,0.23,2018-03-17 20:59:49
Firecoin,FIRE,94,0.36,0.086,0.27,0.23,2018-03-17 20:59:49
Bitcoin Plus,XBC,5186,0.1,0.22,0.34,0.23,2018-03-17 20:59:49
Ultracoin,UTC,243,0.16,0.26,0.25,0.23,2018-03-17 20:59:49
Mojocoin,MOJO,5326,0.31,0.09699999999999999,0.27,0.23,2018-03-17 20:59:49
Jetcoin,JET,1164,0.13,0.27,0.28,0.23,2018-03-17 20:59:49
Bitradio,BRO,2150,0.19,0.2,0.26,0.23,2018-03-17 20:59:49
Mincoin,MNC,300,0.14,0.3,0.27,0.23,2018-03-17 20:59:49
Kubera Coin,KBR,129624,0.0,0.24,0.29,0.23,2018-03-17 20:59:49
QuazarCoin,QCN,5366,0.26,0.21,0.29,0.23,2018-03-17 20:59:49
Matrix AI Network,MAN,143789,0.16,0.39,0.38,0.23,2018-03-17 20:59:49
EthBet,EBET,94,0.18,0.23,0.25,0.23,2018-03-17 20:59:49
HTML5COIN,HTML5,426,0.41,0.39,0.29,0.23,2018-03-17 20:59:49
Woodcoin,LOG,24,0.29,0.08800000000000001,0.28,0.23,2018-03-17 20:59:49
EventChain,EVC,4811,0.0,0.32,0.28,0.23,2018-03-17 20:59:49
Bitbar,BTB,762,0.26,0.14,0.27,0.23,2018-03-17 20:59:49
Yocoin,YOC,82726,0.12,0.12,0.3,0.23,2018-03-17 20:59:49
Safe Exchange Coin,SAFEX,9145,0.0,0.24,0.29,0.23,2018-03-17 20:59:49
Footy Cash,XFT,4128,0.3,0.067,0.25,0.23,2018-03-17 20:59:49
Measurable Data Token,MDT,296118,0.0,0.13,0.36,0.23,2018-03-17 20:59:49
ProCurrency,PROC,6318,0.27,0.07400000000000001,0.26,0.23,2018-03-17 20:59:49
WandX,WAND,3485,0.083,0.27,0.25,0.23,2018-03-17 20:59:49
TittieCoin,TTC,567,0.18,0.21,0.27,0.23,2018-03-17 20:59:49
B2B,B2B, 29409,0.0,0.14,0.34,0.23,2018-03-17 20:59:49
BERNcash,BERN,19,0.3,0.11,0.26,0.23,2018-03-17 20:59:49
Acoin,ACOIN,130,0.16,0.27,0.29,0.23,2018-03-17 20:59:49
Advanced Internet Block,AIB,279,0.39,0.0,0.29,0.23,2018-03-17 20:59:49
RussiaCoin,RC,320,0.16,0.16,0.27,0.23,2018-03-17 20:59:49
Breakout Stake,BRX,21487,0.094,0.15,0.36,0.23,2018-03-17 20:59:49
Coinlancer,CL,24001,0.12,0.15,0.26,0.23,2018-03-17 20:59:49
Growers International,GRWI,157,0.13,0.23,0.26,0.23,2018-03-17 20:59:49
Crypterium,CRPT,37403,0.0,0.16,0.27,0.23,2018-03-17 20:59:49
LendConnect,LCT,71971,0.0,0.17,0.27,0.23,2018-03-17 20:59:49
PutinCoin,PUT,24021,0.0,0.29,0.27,0.23,2018-03-17 20:59:49
Bolenum,BLN,981,0.29,0.096,0.25,0.23,2018-03-17 20:59:49
ATBCoin,ATB,827,0.0,0.3,0.27,0.23,2018-03-17 20:59:49
BiblePay,BBP,3512,0.13,0.24,0.25,0.23,2018-03-17 20:59:49
Colossuscoin V2,CV2,0,0.13,0.26,0.24,0.23,2018-03-17 20:59:49
Virtacoinplus,XVP,52,0.17,0.24,0.27,0.23,2018-03-17 20:59:49
GlobalBoost-Y,BSTY,183,0.17,0.25,0.26,0.23,2018-03-17 20:59:49
Equal,EQL,6039,0.0,0.25,0.39,0.23,2018-03-17 20:59:49
Trumpcoin,TRUMP,478,0.17,0.2,0.28,0.23,2018-03-17 20:59:49
LOCIcoin,LOCI,24074,0.0,0.26,0.27,0.23,2018-03-17 20:59:49
Belacoin,BELA,5984,0.17,0.079,0.27,0.23,2018-03-17 20:59:49
Britcoin,BRIT,161,0.13,0.19,0.41,0.23,2018-03-17 20:59:49
BumbaCoin,BUMBA,35,0.27,0.14,0.27,0.23,2018-03-17 20:59:49
Flash,FLASH,31780,0.12,0.064,0.3,0.23,2018-03-17 20:59:49
VirtualCoin,VC,11,0.31,0.079,0.32,0.22,2018-03-17 20:59:49
Quebecoin,QBC,1894,0.16,0.16,0.27,0.22,2018-03-17 20:59:49
Mineum,MNM,125,0.28,0.12,0.26,0.22,2018-03-17 20:59:49
Blue,BLUE,17110,0.14,0.083,0.39,0.22,2018-03-17 20:59:49
Cryptonite,XCN,2043,0.16,0.2,0.28,0.22,2018-03-17 20:59:49
SecureCoin,SRC,937,0.18,0.2,0.25,0.22,2018-03-17 20:59:49
onG.social,ONG,883,0.12,0.22,0.23,0.22,2018-03-17 20:59:49
DFSCoin,DFS,4379,0.31,0.052000000000000005,0.27,0.22,2018-03-17 20:59:49
TokenClub,TCT,1128399,0.0,0.05,0.23,0.22,2018-03-17 20:59:49
Bolivarcoin,BOLI,2024,0.17,0.21,0.26,0.22,2018-03-17 20:59:49
JavaScript Token,JS,10,0.33,0.055999999999999994,0.41,0.22,2018-03-17 20:59:49
Incent,INCNT,86843,0.0,0.13,0.29,0.22,2018-03-17 20:59:49
TokenCard,TKN,151593,0.0,0.068,0.28,0.22,2018-03-17 20:59:49
Prizm,PZM,10897,0.18,0.042,0.33,0.22,2018-03-17 20:59:49
Breakout,BRK,15774,0.094,0.15,0.35,0.22,2018-03-17 20:59:49
TajCoin,TAJ,340,0.3,0.11,0.26,0.22,2018-03-17 20:59:49
GanjaCoin,MRJA,3466,0.11,0.2,0.27,0.22,2018-03-17 20:59:49
Evil Coin,EVIL,1560,0.27,0.066,0.38,0.22,2018-03-17 20:59:49
Cream,CRM,314,0.15,0.18,0.28,0.22,2018-03-17 20:59:49
Galactrum,ORE,3763,0.24,0.14,0.25,0.22,2018-03-17 20:59:49
Bottlecaps,CAP,0,0.39,0.0,0.34,0.22,2018-03-17 20:59:49
Astro,ASTRO,6576,0.0,0.25,0.33,0.22,2018-03-17 20:59:49
Hawala.Today,HAT,944,0.0,0.3,0.28,0.22,2018-03-17 20:59:49
LiteBar,LTB,41,0.24,0.16,0.23,0.22,2018-03-17 20:59:49
Ethereum Cash,ECASH,542,0.12,0.18,0.38,0.22,2018-03-17 20:59:49
Prime-XI,PXI,1305,0.31,0.073,0.27,0.22,2018-03-17 20:59:49
WavesGo,WGO,52,0.0,0.43,0.066,0.22,2018-03-17 20:59:49
Regalcoin,REC,17408,0.0,0.24,0.31,0.22,2018-03-17 20:59:49
PoSW Coin,POSW,13665,0.19,0.0,0.22,0.22,2018-03-17 20:59:49
GPU Coin,GPU,646,0.29,0.07200000000000001,0.34,0.22,2018-03-17 20:59:49
Qora,QORA,36,0.63,0.12,0.28,0.22,2018-03-17 20:59:49
Bluecoin,BLU,280,0.16,0.14,0.25,0.22,2018-03-17 20:59:49
Aigang,AIX,24424,0.16,0.08,0.25,0.22,2018-03-17 20:59:49
Bitcoin White,BTW,13305,0.17,0.069,0.36,0.22,2018-03-17 20:59:49
ToaCoin,TOA,16069,0.15,0.068,0.27,0.22,2018-03-17 20:59:49
OneRoot Network,RNT,26616,0.0,0.078,0.25,0.22,2018-03-17 20:59:49
Mercury Protocol,GMT,673,0.0,0.28,0.29,0.22,2018-03-17 20:59:49
COPYTRACK,CPY,9822,0.14,0.15,0.26,0.22,2018-03-17 20:59:49
ParkByte,PKB,12044,0.14,0.11,0.26,0.22,2018-03-17 20:59:49
Eurocoin,EUC,188,0.15,0.21,0.32,0.22,2018-03-17 20:59:49
Fujicoin,FJC,1072,0.13,0.19,0.27,0.22,2018-03-17 20:59:49
NewYorkCoin,NYC,10351,0.21,0.0,0.28,0.22,2018-03-17 20:59:49
Vezt,VZT,1261,0.13,0.15,0.26,0.22,2018-03-17 20:59:49
Pluton,PLU,909,0.0,0.23,0.31,0.22,2018-03-17 20:59:49
CVCoin,CVCOIN,1809,0.0,0.26,0.27,0.22,2018-03-17 20:59:49
REX,REX,0,0.12,0.13,0.36,0.22,2018-03-17 20:59:49
FIMKrypto,FIMK,0,0.19,0.13,0.27,0.22,2018-03-17 20:59:49
Jinn,JINN,0,0.15,0.040999999999999995,0.3,0.22,2018-03-17 20:59:49
Pylon Network,PYLNT,23600,0.13,0.12,0.28,0.22,2018-03-17 20:59:49
Grantcoin,GRT,0,0.094,0.24,0.27,0.22,2018-03-17 20:59:49
Energo,TSL,355457,0.0,0.0,0.22,0.22,2018-03-17 20:59:49
Synergy,SNRG,7770,0.18,0.042,0.33,0.22,2018-03-17 20:59:49
Hydro Protocol,HOT,113249,0.0,0.07400000000000001,0.28,0.22,2018-03-17 20:59:49
StrongHands,SHND,34244,0.29,0.0,0.29,0.21,2018-03-17 20:59:49
MetalCoin,METAL,1,0.24,0.06,0.28,0.21,2018-03-17 20:59:49
Hubii Network,HBT,1956,0.0,0.24,0.27,0.21,2018-03-17 20:59:49
ReeCoin,REE,687,0.31,0.057,0.27,0.21,2018-03-17 20:59:49
InflationCoin,IFLT,156,0.12,0.18,0.27,0.21,2018-03-17 20:59:49
THEKEY,TKY,357986,0.12,0.35,0.37,0.21,2018-03-17 20:59:49
Helleniccoin,HNC,96,0.29,0.079,0.24,0.21,2018-03-17 20:59:49
Smart Investment Fund Token,SIFT,1928,0.19,0.053,0.41,0.21,2018-03-17 20:59:49
BitCrystals,BCY,76466,0.0,0.11,0.28,0.21,2018-03-17 20:59:49
SongCoin,SONG,571,0.29,0.1,0.27,0.21,2018-03-17 20:59:49
Centurion,CNT,528,0.15,0.12,0.33,0.21,2018-03-17 20:59:49
Virta Unique Coin,VUC,3652,0.14,0.23,0.24,0.21,2018-03-17 20:59:49
42-coin,42,1222,0.18,0.12,0.27,0.21,2018-03-17 20:59:49
CarTaxi,CTX,2738,0.16,0.15,0.29,0.21,2018-03-17 20:59:49
Bodhi,BOT,1018451,0.0,0.0,0.25,0.21,2018-03-17 20:59:49
GAIA,GAIA,177,0.16,0.18,0.22,0.21,2018-03-17 20:59:49
ZrCoin,ZRC,45093,0.0,0.14,0.27,0.21,2018-03-17 20:59:49
BOAT,BOAT,1048,0.37,0.057,0.23,0.21,2018-03-17 20:59:49
Hyper,HYPER,0,0.4,0.32,0.3,0.21,2018-03-17 20:59:49
Bitcoin Planet,BTPL,101,0.29,0.066,0.3,0.21,2018-03-17 20:59:49
MCAP,MCAP,141726,0.0,0.061,0.28,0.21,2018-03-17 20:59:49
Tigercoin,TGC,229,0.15,0.13,0.26,0.21,2018-03-17 20:59:49
Steneum Coin,STN,4565,0.16,0.17,0.28,0.21,2018-03-17 20:59:49
Carboncoin,CARBON,62,0.16,0.12,0.27,0.21,2018-03-17 20:59:49
Crave,CRAVE,2840,0.21,0.052000000000000005,0.25,0.21,2018-03-17 20:59:49
Happycoin,HPC,2096,0.15,0.12,0.27,0.21,2018-03-17 20:59:49
InPay,INPAY,11,0.12,0.16,0.28,0.21,2018-03-17 20:59:49
Aricoin,ARI,269,0.15,0.16,0.27,0.21,2018-03-17 20:59:49
vSlice,VSL,11781,0.13,0.12,0.25,0.21,2018-03-17 20:59:49
ArbitrageCT,ARCT,11405,0.0,0.23,0.31,0.21,2018-03-17 20:59:49
Nexium,NXC,45070,0.0,0.12,0.3,0.21,2018-03-17 20:59:49
Paypex,PAYX,653,0.0,0.27,0.25,0.21,2018-03-17 20:59:49
Ethereum Dark,ETHD,3438,0.12,0.16,0.33,0.21,2018-03-17 20:59:49
Tracto,TRCT,6426,0.12,0.095,0.33,0.21,2018-03-17 20:59:49
Zero,ZER,10559,0.23,0.0,0.29,0.21,2018-03-17 20:59:49
Bitair,BTCA,34937,0.12,0.07400000000000001,0.44,0.21,2018-03-17 20:59:49
Nautiluscoin,NAUT,162450,0.34,0.23,0.24,0.21,2018-03-17 20:59:49
Speed Mining Service,SMS,8753,0.12,0.084,0.4,0.21,2018-03-17 20:59:49
Bowhead Health,AHT,87,0.0,0.26,0.25,0.21,2018-03-17 20:59:49
Adzcoin,ADZ,1585,0.16,0.11,0.28,0.21,2018-03-17 20:59:49
Nekonium,NUKO,230,0.17,0.16,0.25,0.21,2018-03-17 20:59:49
Cagecoin,CAGE,0,0.15,0.2,0.27,0.21,2018-03-17 20:59:49
HomeBlockCoin,HBC, 8269,0.09699999999999999,0.19,0.27,0.21,2018-03-17 20:59:49
Eternity,ENT,18230,0.2,0.057999999999999996,0.34,0.21,2018-03-17 20:59:49
Ecobit,ECOB,176,0.0,0.12,0.26,0.21,2018-03-17 20:59:49
Masternodecoin,MTNC,1474,0.1,0.14,0.27,0.21,2018-03-17 20:59:49
Oceanlab,OCL,19,0.15,0.12,0.25,0.21,2018-03-17 20:59:49
AmsterdamCoin,AMS,74,0.22,0.1,0.27,0.21,2018-03-17 20:59:49
Link Platform,LNK,0,0.14,0.11,0.38,0.21,2018-03-17 20:59:49
Adelphoi,ADL,0,0.0,0.27,0.26,0.2,2018-03-17 20:59:49
LuckChain,BASH,2958,0.17,0.069,0.25,0.2,2018-03-17 20:59:49
Titcoin,TIT,1363,0.11,0.18,0.26,0.2,2018-03-17 20:59:49
Interstellar Holdings,HOLD,6327,0.11,0.12,0.32,0.2,2018-03-17 20:59:49
EcoCoin,ECO,702,0.14,0.18,0.27,0.2,2018-03-17 20:59:49
vTorrent,VTR,30779,0.17,0.0,0.25,0.2,2018-03-17 20:59:49
AurumCoin,AU,22756,0.14,0.12,0.27,0.2,2018-03-17 20:59:49
PureVidz,VIDZ,192,0.16,0.15,0.25,0.2,2018-03-17 20:59:49
Zeusshield,ZSC,32892,0.0,0.069,0.26,0.2,2018-03-17 20:59:49
Prospectors Gold,PGL,8,0.12,0.11,0.33,0.2,2018-03-17 20:59:49
Abjcoin,ABJ,716,0.17,0.14,0.26,0.2,2018-03-17 20:59:49
C-Bit,XCT,1225,0.16,0.15,0.27,0.2,2018-03-17 20:59:49
Bitdeal,BDL,17358,0.15,0.1,0.26,0.2,2018-03-17 20:59:49
Casinocoin,CSC,0,0.44,0.26,0.26,0.2,2018-03-17 20:59:49
Atmos,ATMS,5583,0.14,0.062,0.26,0.2,2018-03-17 20:59:49
YENTEN,YTN,979,0.35,0.0,0.18,0.2,2018-03-17 20:59:49
MarteXcoin,MXT,36,0.15,0.12,0.27,0.2,2018-03-17 20:59:49
OP Coin,OPC,18035,0.0,0.11,0.4,0.2,2018-03-17 20:59:49
300 Token,300,1872,0.0,0.057,0.38,0.2,2018-03-17 20:59:49
SixEleven,611,758,0.28,0.052000000000000005,0.25,0.2,2018-03-17 20:59:49
BCAP,BCAP,0,0.0,0.15,0.28,0.2,2018-03-17 20:59:49
CryptoPing,PING,142955,0.0,0.081,0.25,0.2,2018-03-17 20:59:49
Torcoin,TOR,247,0.18,0.18,0.27,0.2,2018-03-17 20:59:49
Tacocoin,TCO,,0.51,0.2,0.25,0.2,2018-03-17 20:59:49
eBoost,EBST,44060,0.0,0.12,0.26,0.2,2018-03-17 20:59:49
USDe,USDE,306,0.1,0.18,0.33,0.2,2018-03-17 20:59:49
PlayerCoin,PLACO,26,0.28,0.091,0.26,0.2,2018-03-17 20:59:49
Spacecoin,SPACE,48,0.13,0.17,0.28,0.2,2018-03-17 20:59:49
Databits,DTB,18003,0.0,0.12,0.26,0.2,2018-03-17 20:59:49
KiloCoin,KLC,2936,0.12,0.077,0.3,0.2,2018-03-17 20:59:49
Compucoin,CPN,385,0.15,0.16,0.27,0.2,2018-03-17 20:59:49
Canada eCoin,CDN,894,0.16,0.067,0.3,0.2,2018-03-17 20:59:49
Suretly,SUR,5146,0.12,0.11,0.3,0.2,2018-03-17 20:59:49
NevaCoin,NEVA,57,0.18,0.098,0.27,0.2,2018-03-17 20:59:49
Quatloo,QTL,79,0.18,0.12,0.26,0.2,2018-03-17 20:59:49
Rupee,RUP,3963,0.18,0.0,0.35,0.2,2018-03-17 20:59:49
Accelerator Network,ACC,405,0.15,0.07,0.28,0.2,2018-03-17 20:59:49
Tidex Token,TDX,531333,0.0,0.0,0.27,0.2,2018-03-17 20:59:49
Target Coin,TGT,100039,0.0,0.048,0.38,0.2,2018-03-17 20:59:49
United Bitcoin,UBTC,381171,0.31,0.065,0.39,0.2,2018-03-17 20:59:49
Dinastycoin,DCY,2744,0.12,0.11,0.27,0.2,2018-03-17 20:59:49
Pioneer Coin,PCOIN,1730,0.16,0.078,0.36,0.2,2018-03-17 20:59:49
GlassCoin,GLS,836,0.13,0.13,0.27,0.2,2018-03-17 20:59:49
OBITS,OBITS,2290,0.0,0.12,0.41,0.19,2018-03-17 20:59:49
APX,APX,3978,0.0,0.076,0.31,0.19,2018-03-17 20:59:49
PlusCoin,PLC,2,0.16,0.066,0.27,0.19,2018-03-17 20:59:49
Madcoin,MDC,623,0.12,0.15,0.33,0.19,2018-03-17 20:59:49
Bitcedi,BXC,76,0.16,0.16,0.25,0.19,2018-03-17 20:59:49
XPlay,XPA,12,0.0,0.055999999999999994,0.27,0.19,2018-03-17 20:59:49
Debitcoin,DBTC,18,0.13,0.17,0.25,0.19,2018-03-17 20:59:49
PetroDollar,XPD,1903,0.17,0.057,0.28,0.19,2018-03-17 20:59:49
Giga Watt Token,WTT,11467,0.0,0.13,0.28,0.19,2018-03-17 20:59:49
DROXNE,DRXNE,241,0.077,0.14,0.37,0.19,2018-03-17 20:59:49
Commodity Ad Network,CDX,22,0.13,0.067,0.39,0.19,2018-03-17 20:59:49
Rialto,XRL,21946,0.0,0.13,0.3,0.19,2018-03-17 20:59:49
Coinonat,CXT,1116,0.2,0.11,0.25,0.19,2018-03-17 20:59:49
CryptoForecast,CFT,378,0.0,0.24,0.25,0.19,2018-03-17 20:59:49
Litecoin Cash,LCC,172761,0.12,0.29,0.39,0.19,2018-03-17 20:59:49
Kronecoin,KRONE,384,0.13,0.17,0.28,0.19,2018-03-17 20:59:49
Triangles,TRI,281,0.17,0.03,0.38,0.19,2018-03-17 20:59:49
Asiadigicoin,ADCN,156,0.12,0.17,0.27,0.19,2018-03-17 20:59:49
CryptoInsight,TKR,560,0.14,0.12,0.25,0.19,2018-03-17 20:59:49
CORION,COR,1870,0.52,0.14,0.25,0.19,2018-03-17 20:59:49
EagleCoin,EAGLE, 1429,0.13,0.14,0.33,0.19,2018-03-17 20:59:49
SOILcoin,SOIL,657,0.13,0.16,0.27,0.19,2018-03-17 20:59:49
PlatinumBAR,XPTX,1303,0.13,0.066,0.3,0.19,2018-03-17 20:59:49
Devcoin,DVC,0,0.0,0.26,0.26,0.19,2018-03-17 20:59:49
Darcrus,DAR,2206,0.0,0.22,0.25,0.19,2018-03-17 20:59:49
Stox,STX,,0.36,0.3,0.27,0.19,2018-03-17 20:59:49
GCN Coin,GCN,941,0.0,0.14,0.33,0.19,2018-03-17 20:59:49
Valorbit,VAL,349,0.16,0.14,0.29,0.19,2018-03-17 20:59:49
Neuro,NRO,280,0.14,0.12,0.34,0.19,2018-03-17 20:59:49
RED MWAT,MWAT,329280,0.13,0.29,0.31,0.19,2018-03-17 20:59:49
BitTokens,BXT,2763,0.14,0.057999999999999996,0.27,0.19,2018-03-17 20:59:49
PayCon,CON,114,0.16,0.12,0.26,0.19,2018-03-17 20:59:49
Royal Kingdom Coin,RKC,4068,0.13,0.1,0.29,0.19,2018-03-17 20:59:49
Rustbits,RUSTBITS,0,0.0,0.19,0.25,0.19,2018-03-17 20:59:49
AquariusCoin,ARCO,210,0.14,0.11,0.27,0.19,2018-03-17 20:59:49
Ultimate Secure Cash,USC,52,0.13,0.048,0.32,0.19,2018-03-17 20:59:49
Gapcoin,GAP,495,0.095,0.14,0.27,0.19,2018-03-17 20:59:49
Russian Miner Coin,RMC,13451,0.0,0.11,0.32,0.19,2018-03-17 20:59:49
Lunacoin,LUNA,327,0.18,0.11,0.26,0.19,2018-03-17 20:59:49
Qwark,QWARK,20792,0.0,0.08,0.28,0.19,2018-03-17 20:59:49
YashCoin,YASH,15,0.12,0.075,0.27,0.19,2018-03-17 20:59:49
Grimcoin,GRIM,316,0.15,0.077,0.23,0.19,2018-03-17 20:59:49
Visio,VISIO,114,0.14,0.064,0.33,0.19,2018-03-17 20:59:49
Gold Pressed Latinum,GPL,159,0.27,0.0,0.3,0.19,2018-03-17 20:59:49
Purpose,PRPS,44721,0.19,0.39,0.42,0.19,2018-03-17 20:59:49
Coin2.1,C2,4212,0.14,0.11,0.24,0.19,2018-03-17 20:59:49
Litecoin Plus,LCP,8114,0.14,0.08800000000000001,0.28,0.19,2018-03-17 20:59:49
PoSToken,POS,20,0.2,0.078,0.27,0.19,2018-03-17 20:59:49
Daxxcoin,DAXX,1431,0.13,0.1,0.27,0.19,2018-03-17 20:59:49
TravelFlex,TRF,10070,0.0,0.13,0.26,0.19,2018-03-17 20:59:49
Zennies,ZENI,101,0.14,0.061,0.25,0.19,2018-03-17 20:59:49
BipCoin,BIP,474,0.0,0.21,0.41,0.19,2018-03-17 20:59:49
Legends Room,LGD,23233,0.0,0.13,0.26,0.19,2018-03-17 20:59:49
Fujinto,NTO,692,0.12,0.12,0.25,0.19,2018-03-17 20:59:49
Netko,NETKO,714,0.12,0.1,0.26,0.18,2018-03-17 20:59:49
Polybius,PLBT,16539,0.0,0.081,0.26,0.18,2018-03-17 20:59:49
PostCoin,POST,4795,0.15,0.061,0.27,0.18,2018-03-17 20:59:49
FuelCoin,FC2,7,0.14,0.063,0.28,0.18,2018-03-17 20:59:49
Autonio,NIO,977,0.0,0.12,0.35,0.18,2018-03-17 20:59:49
Bytecent,BYC,24620,0.0,0.15,0.26,0.18,2018-03-17 20:59:49
TOKYO,TOKC,2695,0.14,0.064,0.3,0.18,2018-03-17 20:59:49
Ethereum Movie Venture,EMV,69,0.0,0.12,0.37,0.18,2018-03-17 20:59:49
FLiK,FLIK,1194,0.0,0.12,0.32,0.18,2018-03-17 20:59:49
Authorship,ATS,290,0.0,0.16,0.38,0.18,2018-03-17 20:59:49
Dollarcoin,DLC,32,0.12,0.084,0.36,0.18,2018-03-17 20:59:49
Desire,DSR,5662,0.14,0.066,0.26,0.18,2018-03-17 20:59:49
YOYOW,YOYOW,4164,0.0,0.086,0.28,0.18,2018-03-17 20:59:49
The Cypherfunks,FUNK,111,0.35,0.24,0.34,0.18,2018-03-17 20:59:49
Useless Ethereum Token,UET,324,0.21,0.062,0.27,0.18,2018-03-17 20:59:49
Hitcoin,HTC,0,0.12,0.057999999999999996,0.28,0.18,2018-03-17 20:59:49
Spots,SPT,115,0.15,0.043,0.41,0.18,2018-03-17 20:59:49
ICOBID,ICOB,1180,0.12,0.13,0.25,0.18,2018-03-17 20:59:49
I0Coin,I0C,98,0.078,0.11,0.26,0.18,2018-03-17 20:59:49
Atomic Coin,ATOM,264,0.12,0.1,0.28,0.18,2018-03-17 20:59:49
Minereum,MNE,5333,0.18,0.033,0.25,0.18,2018-03-17 20:59:49
EquiTrader,EQT,100,0.09300000000000001,0.075,0.25,0.18,2018-03-17 20:59:49
ERC20,ERC20,9459,0.12,0.0,0.34,0.18,2018-03-17 20:59:49
Zephyr,ZEPH,2592,0.0,0.12,0.33,0.18,2018-03-17 20:59:49
Revolvercoin,XRE,552,0.16,0.062,0.27,0.18,2018-03-17 20:59:49
SolarFlareCoin,SFC,1001,0.26,0.0,0.27,0.18,2018-03-17 20:59:49
Halcyon,HAL,111,0.14,0.05,0.3,0.18,2018-03-17 20:59:49
Dollar Online,DOLLAR,210,0.16,0.11,0.29,0.18,2018-03-17 20:59:49
Emphy,EPY,1,0.0,0.12,0.39,0.18,2018-03-17 20:59:49
LiteBitcoin,LBTC,2628,0.18,0.046,0.27,0.18,2018-03-17 20:59:49
ParallelCoin,DUO,157,0.14,0.086,0.27,0.18,2018-03-17 20:59:49
bitGold,BITGOLD,215,0.0,0.2,0.29,0.18,2018-03-17 20:59:49
Swapy Network,SWAPY,,0.43,0.13,0.39,0.18,2018-03-17 20:59:49
Pesobit,PSB,0,0.17,0.12,0.25,0.18,2018-03-17 20:59:49
AmberCoin,AMBER,76,0.14,0.052000000000000005,0.27,0.18,2018-03-17 20:59:49
Senderon,SDRN,692,0.0,0.23,0.25,0.18,2018-03-17 20:59:49
EtherDelta Token,EDT,13886,0.17,0.35,0.27,0.18,2018-03-17 20:59:49
OceanChain,OC,8394231,0.0,0.16,0.27,0.18,2018-03-17 20:59:49
CryptoCarbon,CCRB,42535,0.12,0.0,0.26,0.18,2018-03-17 20:59:49
GoldPieces,GP,708,0.15,0.078,0.3,0.18,2018-03-17 20:59:49
Beatcoin,XBTS,136,0.12,0.063,0.41,0.18,2018-03-17 20:59:49
Eryllium,ERY,2363,0.13,0.11,0.25,0.18,2018-03-17 20:59:49
Shilling,SH,4,0.16,0.067,0.3,0.18,2018-03-17 20:59:49
Secretcoin,SCRT,59,0.13,0.1,0.26,0.18,2018-03-17 20:59:49
Sharechain,SSS,10081,0.13,0.0,0.25,0.18,2018-03-17 20:59:49
Joincoin,J,14,0.18,0.05,0.29,0.18,2018-03-17 20:59:49
Cryptojacks,CJ,1765,0.078,0.11,0.25,0.18,2018-03-17 20:59:49
Creatio,XCRE,52,0.12,0.048,0.42,0.18,2018-03-17 20:59:49
Newbium,NEWB,1554,0.0,0.23,0.26,0.18,2018-03-17 20:59:49
BigUp,BIGUP,548,0.15,0.049,0.26,0.18,2018-03-17 20:59:49
HealthyWormCoin,WORM,256,0.12,0.14,0.27,0.18,2018-03-17 20:59:49
Bankcoin,B@,20476,0.0,0.11,0.28,0.18,2018-03-17 20:59:49
BTCtalkcoin,TALK,1,0.13,0.046,0.27,0.18,2018-03-17 20:59:49
Comet,CMT,283,0.15,0.057999999999999996,0.33,0.18,2018-03-17 20:59:49
Theresa May Coin,MAY,1277,0.12,0.068,0.33,0.17,2018-03-17 20:59:49
Tattoocoin (Standard Edition),TSE,22,0.14,0.057999999999999996,0.25,0.17,2018-03-17 20:59:49
BitAsean,BAS,27,0.13,0.1,0.25,0.17,2018-03-17 20:59:49
AllSafe,ASAFE2,665,0.12,0.062,0.3,0.17,2018-03-17 20:59:49
Kushcoin,KUSH,370,0.13,0.047,0.27,0.17,2018-03-17 20:59:49
Aerium,AERM,6718,0.1,0.08,0.26,0.17,2018-03-17 20:59:49
PX,PX,3,0.15,0.0,0.34,0.17,2018-03-17 20:59:49
Universe,UNI,92,0.12,0.0,0.29,0.17,2018-03-17 20:59:49
Shorty,SHORTY,111,0.12,0.0,0.32,0.17,2018-03-17 20:59:49
Sativacoin,STV,1886,0.14,0.054000000000000006,0.27,0.17,2018-03-17 20:59:49
ChessCoin,CHESS,112,0.073,0.11,0.27,0.17,2018-03-17 20:59:49
ZoZoCoin,ZZC,2122,0.15,0.035,0.27,0.17,2018-03-17 20:59:49
SoonCoin,SOON,437,0.16,0.054000000000000006,0.27,0.17,2018-03-17 20:59:49
Heavycoin,HVC,,0.37,0.23,0.24,0.17,2018-03-17 20:59:49
E-coin,ECN,11,0.15,0.045,0.31,0.17,2018-03-17 20:59:49
High Voltage,HVCO,31321,0.13,0.053,0.32,0.17,2018-03-17 20:59:49
Xenon,XNN,42,0.0,0.068,0.32,0.17,2018-03-17 20:59:49
Swing,SWING,350,0.14,0.0,0.38,0.17,2018-03-17 20:59:49
BROTHER,BRAT,104,0.0,0.16,0.36,0.17,2018-03-17 20:59:49
WomenCoin,WOMEN,8106,0.12,0.096,0.27,0.17,2018-03-17 20:59:49
Sociall,SCL,2184,0.0,0.08,0.32,0.17,2018-03-17 20:59:49
Independent Money System,IMS,274,0.13,0.064,0.26,0.17,2018-03-17 20:59:49
SegWit2x [Futures],B2X,22646,0.43,0.075,0.31,0.17,2018-03-17 20:59:49
Zonecoin,ZNE,0,0.13,0.11,0.27,0.17,2018-03-17 20:59:49
Health Mutual Society,HMC,460568,0.13,0.12,0.39,0.17,2018-03-17 20:59:49
Ammo Reloaded,AMMO,349,0.12,0.067,0.26,0.17,2018-03-17 20:59:49
Project Decorum,PDC,16931,0.0,0.0,0.28,0.17,2018-03-17 20:59:49
SuperCoin,SUPER,472,0.0,0.16,0.29,0.17,2018-03-17 20:59:49
ugChain,UGC,35358,0.12,0.3,0.25,0.17,2018-03-17 20:59:49
ATMCoin,ATMC,53978000,0.0,0.0,0.3,0.17,2018-03-17 20:59:49
Allion,ALL,6,0.13,0.067,0.28,0.17,2018-03-17 20:59:49
TheGCCcoin,GCC,6490,0.0,0.12,0.27,0.17,2018-03-17 20:59:49
ChanCoin,4CHN,786,0.42,0.14,0.27,0.17,2018-03-17 20:59:49
PIECoin,PIE,1468,0.12,0.11,0.27,0.17,2018-03-17 20:59:49
Dix Asset,DIX,264,0.0,0.17,0.25,0.17,2018-03-17 20:59:49
StarCash Network,STARS,48,0.13,0.08800000000000001,0.28,0.17,2018-03-17 20:59:49
Impact,IMX,59,0.13,0.051,0.28,0.17,2018-03-17 20:59:49
RedCoin,RED,175,0.18,0.0,0.26,0.17,2018-03-17 20:59:49
LeaCoin,LEA,110,0.13,0.044000000000000004,0.27,0.17,2018-03-17 20:59:49
GBCGoldCoin,GBC,1723,0.12,0.11,0.24,0.17,2018-03-17 20:59:49
Unity Ingot,UNY,4062,0.0,0.09699999999999999,0.25,0.17,2018-03-17 20:59:49
VapersCoin,VPRC,158,0.14,0.068,0.27,0.17,2018-03-17 20:59:49
ICO OpenLedger,ICOO,669,0.0,0.12,0.28,0.17,2018-03-17 20:59:49
Copico,XCPO,14527,0.087,0.065,0.26,0.17,2018-03-17 20:59:49
Phantomx,PNX,4077,0.09300000000000001,0.059000000000000004,0.25,0.17,2018-03-17 20:59:49
808Coin,808,885,0.16,0.0,0.28,0.17,2018-03-17 20:59:49
Janus,JNS,0,0.0,0.12,0.29,0.17,2018-03-17 20:59:49
UniCoin,UNIC,4,0.14,0.0,0.26,0.17,2018-03-17 20:59:49
StarCredits,STRC,257,0.0,0.11,0.25,0.17,2018-03-17 20:59:49
Prototanium,PR,247,0.16,0.0,0.26,0.17,2018-03-17 20:59:49
Marijuanacoin,MAR,82,0.12,0.076,0.27,0.17,2018-03-17 20:59:49
MustangCoin,MST,270,0.12,0.062,0.27,0.17,2018-03-17 20:59:49
Cabbage Unit,CAB,2,0.13,0.063,0.29,0.17,2018-03-17 20:59:49
bitqy,BQ,1720,0.0,0.059000000000000004,0.25,0.17,2018-03-17 20:59:49
Steps,STEPS,0,0.13,0.066,0.32,0.17,2018-03-17 20:59:49
Bitcurrency,BTCR,127,0.13,0.059000000000000004,0.26,0.17,2018-03-17 20:59:49
Bitcoin Diamond [Futures],BCD,2288313,0.0,0.14,0.36,0.17,2018-03-17 20:59:49
Emerald Crypto,EMD,134,0.1,0.073,0.26,0.17,2018-03-17 20:59:49
FUNCoin,FUNC,23,0.12,0.033,0.29,0.17,2018-03-17 20:59:49
GameBet,GBT,0,0.12,0.064,0.27,0.17,2018-03-17 20:59:49
Decentralized Universal Basic Income,DUBI,0,0.19,0.34,0.31,0.17,2018-03-17 20:59:49
Bitland,CADASTRAL,0,0.0,0.1,0.25,0.17,2018-03-17 20:59:49
PiplCoin,PIPL,1108,0.0,0.081,0.29,0.16,2018-03-17 20:59:49
Starta,STA,61,0.0,0.055,0.28,0.16,2018-03-17 20:59:49
Dobbscoin,BOB,,0.4,0.15,0.27,0.16,2018-03-17 20:59:49
Credence Coin,CRDNC,71,0.12,0.083,0.32,0.16,2018-03-17 20:59:49
Crypto,CTO,0,0.11,0.053,0.32,0.16,2018-03-17 20:59:49
Bitgem,BTG,264,0.14,0.0,0.28,0.16,2018-03-17 20:59:49
eBitcoin Cash,EBCH,908,0.0,0.07400000000000001,0.39,0.16,2018-03-17 20:59:49
BenjiRolls,BENJI,189,0.14,0.053,0.25,0.16,2018-03-17 20:59:49
Elcoin,EL,3832,0.0,0.11,0.28,0.16,2018-03-17 20:59:49
Flaxscript,FLAX,4,0.11,0.071,0.25,0.16,2018-03-17 20:59:49
Goodomy,GOOD,1481,0.0,0.091,0.25,0.16,2018-03-17 20:59:49
Litecred,LTCR,51,0.12,0.077,0.25,0.16,2018-03-17 20:59:49
X-Coin,XCO,362,0.12,0.051,0.28,0.16,2018-03-17 20:59:49
Mao Zedong,MAO,729,0.12,0.0,0.29,0.16,2018-03-17 20:59:49
Execoin,EXE,,0.31,0.25,0.22,0.16,2018-03-17 20:59:49
Darsek,KED,501,0.16,0.0,0.25,0.16,2018-03-17 20:59:49
Sojourn,SOJ,3,0.12,0.057,0.29,0.16,2018-03-17 20:59:49
Printerium,PRX,20,0.13,0.054000000000000006,0.27,0.16,2018-03-17 20:59:49
GeertCoin,GEERT,615,0.15,0.049,0.27,0.16,2018-03-17 20:59:49
Iconic,ICON,7,0.14,0.0,0.4,0.16,2018-03-17 20:59:49
Zayedcoin,ZYD,77,0.12,0.12,0.27,0.16,2018-03-17 20:59:49
Arcade Token,ARC,148,0.31,0.18,0.38,0.16,2018-03-17 20:59:49
EXRNchain,EXRN,901,0.0,0.07,0.25,0.16,2018-03-17 20:59:49
BitBoost,BBT,45,0.0,0.12,0.25,0.16,2018-03-17 20:59:49
Metal Music Coin,MTLMC3,2,0.13,0.055,0.24,0.16,2018-03-17 20:59:49
MagicCoin,MAGE,9201,0.0,0.07,0.31,0.16,2018-03-17 20:59:49
Zurcoin,ZUR,75,0.14,0.0,0.27,0.16,2018-03-17 20:59:49
Kurrent,KURT,422,0.068,0.057,0.26,0.16,2018-03-17 20:59:49
Sugar Exchange,SGR,62450,0.0,0.083,0.22,0.16,2018-03-17 20:59:49
AWARE,AWR,643389,0.12,0.069,0.39,0.16,2018-03-17 20:59:49
Stress,STS,0,0.12,0.0,0.26,0.16,2018-03-17 20:59:49
Slevin,SLEVIN,60,0.12,0.053,0.28,0.16,2018-03-17 20:59:49
AnarchistsPrime,ACP,53,0.14,0.062,0.26,0.16,2018-03-17 20:59:49
Greencoin,GRE ,,0.43,0.094,0.27,0.16,2018-03-17 20:59:49
CybCSec,XCS,13936,0.12,0.062,0.25,0.16,2018-03-17 20:59:49
Ethereum Gold,ETG,1092,0.0,0.077,0.36,0.16,2018-03-17 20:59:49
OracleChain,OCT,4916,0.0,0.0,0.26,0.16,2018-03-17 20:59:49
WMCoin,WMC,0,0.13,0.0,0.27,0.16,2018-03-17 20:59:49
Credo,CREDO,635,0.0,0.0,0.3,0.16,2018-03-17 20:59:49
RSGPcoin,RSGP,3,0.12,0.077,0.27,0.16,2018-03-17 20:59:49
WayGuide,WAY,4,0.12,0.0,0.25,0.16,2018-03-17 20:59:49
SelfSell,SSC,815445,0.16,0.071,0.28,0.16,2018-03-17 20:59:49
OFCOIN,OF,634102,0.17,0.051,0.36,0.16,2018-03-17 20:59:49
AICHAIN,AIT,11588,0.0,0.061,0.069,0.16,2018-03-17 20:59:49
Judgecoin,JUDGE,,0.28,0.23,0.29,0.16,2018-03-17 20:59:49
Cashcoin,CASH,0,0.16,0.06,0.25,0.16,2018-03-17 20:59:49
EDUCare,EKT,12764100,0.0,0.044000000000000004,0.29,0.16,2018-03-17 20:59:49
PosEx,PEX,24,0.14,0.043,0.25,0.16,2018-03-17 20:59:49
FORCE,FOR,1816,0.08900000000000001,0.05,0.042,0.16,2018-03-17 20:59:49
EtherSportz,ESZ,17103,0.0,0.066,0.27,0.16,2018-03-17 20:59:49
Network Token,NTWK,265,0.0,0.08,0.42,0.15,2018-03-17 20:59:49
Monster Byte,MBI,261,0.0,0.068,0.29,0.15,2018-03-17 20:59:49
Coupecoin,COUPE,486,0.12,0.098,0.27,0.15,2018-03-17 20:59:49
Dalecoin,DALC,241,0.0,0.12,0.27,0.15,2018-03-17 20:59:49
EmberCoin,EMB,922,0.14,0.36,0.27,0.15,2018-03-17 20:59:49
Cthulhu Offerings,OFF,2079,0.17,0.0,0.27,0.15,2018-03-17 20:59:49
ETHGAS,EGAS,0,0.0,0.13,0.25,0.15,2018-03-17 20:59:49
Macron,MCRN,8205,0.069,0.0,0.35,0.15,2018-03-17 20:59:49
RefToken,REF,6816,0.13,0.28,0.27,0.15,2018-03-17 20:59:49
Interzone,ITZ,1,0.37,0.13,0.26,0.15,2018-03-17 20:59:49
Datawallet,DXT,245593,0.0,0.21,0.28,0.15,2018-03-17 20:59:49
GeyserCoin,GSR,40,0.16,0.057999999999999996,0.27,0.15,2018-03-17 20:59:49
Jobscoin,JOBS,41,0.12,0.055999999999999994,0.24,0.15,2018-03-17 20:59:49
Master Swiscoin,MSCN,447,0.14,0.0,0.28,0.15,2018-03-17 20:59:49
Kolion,KLN,20657,0.0,0.0,0.25,0.15,2018-03-17 20:59:49
LitecoinDark,LTCD,,0.27,0.25,0.21,0.15,2018-03-17 20:59:49
Veltor,VLT,22,0.12,0.0,0.26,0.15,2018-03-17 20:59:49
Rawcoin,XRC,374,0.13,0.048,0.27,0.15,2018-03-17 20:59:49
Xonecoin,XOC,6,0.12,0.057,0.27,0.15,2018-03-17 20:59:49
Filecoin [Futures],FIL,41502,0.0,0.37,0.28,0.15,2018-03-17 20:59:49
Etheriya,RIYA,116,0.0,0.055999999999999994,0.25,0.15,2018-03-17 20:59:49
ExchangeN,EXN,2663,0.0,0.079,0.39,0.15,2018-03-17 20:59:49
GraniteCoin,GRN,30,0.37,0.11,0.26,0.15,2018-03-17 20:59:49
BlockShares,BKS,,0.44,0.049,0.26,0.15,2018-03-17 20:59:49
Techcoin,TECH,,0.44,0.048,0.26,0.15,2018-03-17 20:59:49
FinCoin,FNC,418,0.12,0.0,0.27,0.15,2018-03-17 20:59:49
Republic Protocol,REN,588315,0.0,0.22,0.38,0.15,2018-03-17 20:59:49
Honey,HONEY,477,0.0,0.06,0.37,0.15,2018-03-17 20:59:49
Version,V,25,0.0,0.063,0.19,0.15,2018-03-17 20:59:49
Kayicoin,KAYI,1042,0.0,0.09300000000000001,0.24,0.15,2018-03-17 20:59:49
Bitparkcoin,BPC,24,0.0,0.061,0.24,0.15,2018-03-17 20:59:49
Tigereum,TIG,397,0.0,0.068,0.27,0.15,2018-03-17 20:59:49
POLY AI,AI,150290,0.0,0.053,0.27,0.15,2018-03-17 20:59:49
Vault Coin,VLTC,376,0.0,0.17,0.37,0.15,2018-03-17 20:59:49
LightChain,LIGHT,200503,0.14,0.08800000000000001,0.29,0.15,2018-03-17 20:59:49
Coimatic 3.0,CTIC3,277,0.12,0.055,0.25,0.15,2018-03-17 20:59:49
Scry.info,DDD,456553,0.18,0.08199999999999999,0.25,0.15,2018-03-17 20:59:49
BriaCoin,BRIA,271,0.0,0.08199999999999999,0.27,0.15,2018-03-17 20:59:49
8Bit,8BIT,158,0.0,0.084,0.24,0.15,2018-03-17 20:59:49
Acute Angle Cloud,AAC,1223049,0.0,0.16,0.34,0.15,2018-03-17 20:59:49
OsmiumCoin,OS76,0,0.13,0.19,0.27,0.15,2018-03-17 20:59:49
Superior Coin,SUP,28581,0.39,0.076,0.26,0.15,2018-03-17 20:59:49
HiCoin,XHI,17563,0.0,0.0,0.27,0.15,2018-03-17 20:59:49
CoExistCoin,COXST,145,0.0,0.1,0.27,0.15,2018-03-17 20:59:49
Blockchain Index,BLX,120,0.0,0.46,0.28,0.15,2018-03-17 20:59:49
BTSR,BTSR,0,0.0,0.067,0.27,0.15,2018-03-17 20:59:49
Ace,ACE,,0.17,0.27,0.35,0.15,2018-03-17 20:59:49
Crevacoin,CREVA,230,0.14,0.03,0.27,0.15,2018-03-17 20:59:49
VectorAI,VEC2,9,0.12,0.0,0.3,0.15,2018-03-17 20:59:49
Cinni,CINNI,,0.29,0.18,0.27,0.14,2018-03-17 20:59:49
AltCommunity Coin,ALTCOM,215,0.13,0.0,0.25,0.14,2018-03-17 20:59:49
Electronic PK Chain,EPC,5036940,0.0,0.0,0.4,0.14,2018-03-17 20:59:49
United Traders Token,UTT,6251,0.28,0.14,0.37,0.14,2018-03-17 20:59:49
CryptoEscudo,CESC,32,0.0,0.12,0.27,0.14,2018-03-17 20:59:49
Show,SHOW,772662,0.12,0.067,0.37,0.14,2018-03-17 20:59:49
Trident Group,TRDT,14569,0.0,0.075,0.31,0.14,2018-03-17 20:59:49
FairGame,FAIR,212919,0.13,0.079,0.3,0.14,2018-03-17 20:59:49
Cannation,CNNC,2882,0.12,0.0,0.25,0.14,2018-03-17 20:59:49
DIMCOIN,DIM,53221,0.13,0.27,0.28,0.14,2018-03-17 20:59:49
LevoPlus,LVPS,373,0.14,0.063,0.25,0.14,2018-03-17 20:59:49
GOLD Reward Token,GRX,607,0.14,0.26,0.38,0.14,2018-03-17 20:59:49
Smileycoin,SMLY,894,0.0,0.0,0.27,0.14,2018-03-17 20:59:49
Ulatech,ULA,97,0.14,0.03,0.25,0.14,2018-03-17 20:59:49
Global Tour Coin,GTC,564,0.0,0.027000000000000003,0.35,0.14,2018-03-17 20:59:49
Pascal Lite,PASL,224,0.07,0.0,0.25,0.14,2018-03-17 20:59:49
Ripto Bux,RBX,1,0.0,0.12,0.25,0.14,2018-03-17 20:59:49
W3Coin,W3C,7564035,0.0,0.055999999999999994,0.26,0.14,2018-03-17 20:59:49
Shadow Token,SHDW,12,0.0,0.052000000000000005,0.29,0.14,2018-03-17 20:59:49
Wild Beast Block,WBB,4,0.0,0.061,0.39,0.14,2018-03-17 20:59:49
Yellow Token,YEL,139,0.0,0.067,0.31,0.14,2018-03-17 20:59:49
Infinitecoin,IFC,18093,0.13,0.31,0.26,0.14,2018-03-17 20:59:49
IPChain,IPC,3302546,0.12,0.0,0.25,0.14,2018-03-17 20:59:49
Cryptelo,CRL,,0.16,0.28,0.26,0.14,2018-03-17 20:59:49
Lightning Bitcoin,LBTC,1864550,0.0,0.076,0.29,0.14,2018-03-17 20:59:49
LibertyCoin,XLB,,0.26,0.16,0.32,0.14,2018-03-17 20:59:49
Peepcoin,PCN,14296,0.0,0.048,0.28,0.14,2018-03-17 20:59:49
Horizon,HZ,,0.34,0.076,0.35,0.14,2018-03-17 20:59:49
Destiny,DES,2,0.0,0.053,0.41,0.14,2018-03-17 20:59:49
Yee,YEE,1730462,0.0,0.11,0.3,0.14,2018-03-17 20:59:49
NEVERDIE,NDC,475,0.0,0.047,0.24,0.14,2018-03-17 20:59:49
Neurotoken,NTK,57665,0.0,0.28,0.35,0.14,2018-03-17 20:59:49
PeerGuess,GUESS,12,0.0,0.068,0.25,0.14,2018-03-17 20:59:49
Molecular Future,MOF,194143,0.0,0.069,0.29,0.14,2018-03-17 20:59:49
Sovereign Hero,HERO,42,0.0,0.0,0.28,0.14,2018-03-17 20:59:49
eREAL,EREAL,7,0.0,0.067,0.34,0.14,2018-03-17 20:59:49
Kzcash,KZC,90525,0.15,0.11,0.26,0.14,2018-03-17 20:59:49
HellasCoin,HLC,1244940,0.12,0.0,0.27,0.14,2018-03-17 20:59:49
ZCash Gold,ZCG,243,0.0,0.059000000000000004,0.28,0.14,2018-03-17 20:59:49
Bitz,BITZ,0,0.0,0.0,0.31,0.14,2018-03-17 20:59:49
Royalties,XRY,1072,0.31,0.075,0.36,0.14,2018-03-17 20:59:49
WexCoin,WEX,0,0.13,0.0,0.27,0.13,2018-03-17 20:59:49
Vulcano,VULC,29,0.15,0.26,0.29,0.13,2018-03-17 20:59:49
bitSilver,BITSILVER,331,0.0,0.0,0.29,0.13,2018-03-17 20:59:49
ARCHcoin,ARCH,,0.35,0.067,0.27,0.13,2018-03-17 20:59:49
ChatCoin,CHAT,10326128,0.0,0.0,0.25,0.13,2018-03-17 20:59:49
Corethum,CRTM,1,0.0,0.099,0.25,0.13,2018-03-17 20:59:49
Bitcoin Red,BTCRED,146,0.0,0.0,0.29,0.13,2018-03-17 20:59:49
SuperNET,UNITY,,0.4,0.0,0.28,0.13,2018-03-17 20:59:49
Digital Rupees,DRS,355,0.0,0.03,0.28,0.13,2018-03-17 20:59:49
Infinity Economics,XIN,419747,0.0,0.16,0.3,0.13,2018-03-17 20:59:49
FuzzBalls,FUZZ,63,0.0,0.035,0.27,0.13,2018-03-17 20:59:49
bitBTC,BITBTC,65,0.0,0.0,0.26,0.13,2018-03-17 20:59:49
Bit20,BTWTY,3061,0.0,0.0,0.25,0.13,2018-03-17 20:59:49
Digital Money Bits,DMB,1623,0.13,0.031,0.29,0.13,2018-03-17 20:59:49
Argus,ARGUS,168,0.0,0.055999999999999994,0.34,0.13,2018-03-17 20:59:49
BlockPay,BLOCKPAY,0,0.0,0.0,0.26,0.13,2018-03-17 20:59:49
BitcoinX [Futures],BCX,948538,0.0,0.075,0.41,0.13,2018-03-17 20:59:49
Monocle,MON,,0.26,0.12,0.3,0.13,2018-03-17 20:59:49
Mixin,XIN,33137,0.16,0.13,0.27,0.13,2018-03-17 20:59:49
Rubies,RBIES,74,0.0,0.0,0.25,0.13,2018-03-17 20:59:49
Razor,RZR,,0.27,0.09,0.35,0.13,2018-03-17 20:59:49
MaryJane,MARYJ,,0.28,0.13,0.22,0.12,2018-03-17 20:59:49
Animation Vision Cash,AVH,1706870,0.0,0.053,0.32,0.12,2018-03-17 20:59:49
Titanium Blockchain,BAR,53543,0.057,0.16,0.28,0.12,2018-03-17 20:59:49
Confido,CFD,2049,0.0,0.0,0.25,0.12,2018-03-17 20:59:49
AI Doctor,AIDOC,4481774,0.0,0.0,0.26,0.12,2018-03-17 20:59:49
Sparks,SPK,81209,0.12,0.057999999999999996,0.35,0.12,2018-03-17 20:59:49
Kcash,KCASH,251886,0.0,0.11,0.42,0.12,2018-03-17 20:59:49
FuturXe,FXE,1,0.0,0.049,0.39,0.12,2018-03-17 20:59:49
Bitleu,BTL,,0.34,0.06,0.23,0.12,2018-03-17 20:59:49
MOAC,MOAC,156659,0.14,0.022000000000000002,0.28,0.12,2018-03-17 20:59:49
Rasputin Online Coin,ROC,34,0.15,0.055999999999999994,0.29,0.12,2018-03-17 20:59:49
BitCoal,COAL,619,0.0,0.0,0.25,0.12,2018-03-17 20:59:49
Artex Coin,ATX,87,0.0,0.0,0.29,0.12,2018-03-17 20:59:49
iDice,ICE,77,0.0,0.0,0.26,0.12,2018-03-17 20:59:49
RealChain,RCT,1010541,0.0,0.084,0.28,0.12,2018-03-17 20:59:49
HalalChain,HLC,1244940,0.0,0.066,0.25,0.12,2018-03-17 20:59:49
InvestDigital,IDT,182107,0.14,0.0,0.3,0.12,2018-03-17 20:59:49
Cannabis Industry Coin,XCI,,0.28,0.06,0.34,0.12,2018-03-17 20:59:49
Animecoin,ANI,377,0.15,0.21,0.27,0.12,2018-03-17 20:59:49
DAS,DAS,694,0.12,0.23,0.28,0.12,2018-03-17 20:59:49
SonicScrewdriver,SSD,,0.3,0.053,0.28,0.12,2018-03-17 20:59:49
Dogeparty,XDP,,0.3,0.062,0.27,0.12,2018-03-17 20:59:49
Veros,VRS,2132,0.0,0.0,0.34,0.12,2018-03-17 20:59:49
DavorCoin,DAV,1023,0.16,0.17,0.31,0.12,2018-03-17 20:59:49
MktCoin,MLM,79120,0.15,0.0,0.27,0.12,2018-03-17 20:59:49
BlockCDN,BCDN,38616,0.13,0.13,0.25,0.12,2018-03-17 20:59:49
Bitcoin Lightning,BLT,95214,0.26,0.062,0.35,0.11,2018-03-17 20:59:49
TopChain,TOPC,2615144,0.0,0.0,0.27,0.11,2018-03-17 20:59:49
Ybcoin,YBC,,0.36,0.0,0.24,0.11,2018-03-17 20:59:49
Quantum,QAU,,0.0,0.32,0.34,0.11,2018-03-17 20:59:49
Dibcoin,DIBC,4452,0.13,0.0,0.27,0.11,2018-03-17 20:59:49
Flappycoin,FLAP,346,0.15,0.19,0.25,0.11,2018-03-17 20:59:49
Xiaomicoin,MI,,0.28,0.057,0.27,0.11,2018-03-17 20:59:49
ZetaMicron,ZMC,67,0.0,0.0,0.25,0.11,2018-03-17 20:59:49
Coimatic 2.0,CTIC2,177,0.12,0.0,0.084,0.11,2018-03-17 20:59:49
KemCredit,KMC,149344,0.0,0.2,0.25,0.11,2018-03-17 20:59:49
PRCoin,PRC,12535,0.0,0.0,0.27,0.11,2018-03-17 20:59:49
NeuroDAO,NDAO,1,0.0,0.031,0.25,0.11,2018-03-17 20:59:49
LALA World,LALA,22343,0.0,0.22,0.33,0.11,2018-03-17 20:59:49
Sphre AIR,XID,68028,0.0,0.18,0.27,0.11,2018-03-17 20:59:49
Sync,SYNC,0,0.15,0.18,0.25,0.11,2018-03-17 20:59:49
Tychocoin,TYCHO,372,0.0,0.046,0.27,0.11,2018-03-17 20:59:49
Landcoin,LDCN,312,0.32,0.0,0.27,0.11,2018-03-17 20:59:49
Crypto Improvement Fund,CIF,878,0.12,0.16,0.33,0.1,2018-03-17 20:59:49
PlexCoin ,PLX,208,0.0,0.3,0.27,0.1,2018-03-17 20:59:49
COMSA,CMS,716,0.0,0.29,0.29,0.1,2018-03-17 20:59:49
Marinecoin,MTC,,0.12,0.2,0.23,0.1,2018-03-17 20:59:49
Sakuracoin,SKR,26,0.23,0.04,0.31,0.1,2018-03-17 20:59:49
Tristar Coin,TSTR,38,0.0,0.031,0.32,0.1,2018-03-17 20:59:49
Dirac,XDQ,,0.31,0.0,0.24,0.1,2018-03-17 20:59:49
Musiconomi,MCI,602,0.0,0.3,0.25,0.1,2018-03-17 20:59:49
CFun,CFUN,6128,0.0,0.12,0.28,0.1,2018-03-17 20:59:49
Monero Gold,XMRG,157216,0.0,0.08199999999999999,0.34,0.1,2018-03-17 20:59:49
Librexcoin,LXC,,0.3,0.0,0.27,0.1,2018-03-17 20:59:49
WaykiChain,WIC,,0.14,0.15,0.28,0.1,2018-03-17 20:59:49
Wankcoin,WKC,,0.15,0.16,0.21,0.099,2018-03-17 20:59:49
TE-FOOD,TFD,73731,0.0,0.16,0.28,0.099,2018-03-17 20:59:49
Fitcoin,FIT,,0.12,0.17,0.28,0.099,2018-03-17 20:59:49
UnlimitedIP,UIP,20072,0.12,0.035,0.32,0.099,2018-03-17 20:59:49
CryptopiaFeeShares,CEFS,9925,0.0,0.19,0.36,0.099,2018-03-17 20:59:49
Sandcoin,SND,1000,0.14,0.15,0.23,0.098,2018-03-17 20:59:49
Gladius Token,GLA,769368,0.0,0.0,0.29,0.098,2018-03-17 20:59:49
Bitcoin Atom [Futures],BCA,4552,0.14,0.12,0.31,0.098,2018-03-17 20:59:49
Numus,NMS,12017,0.11,0.053,0.31,0.09699999999999999,2018-03-17 20:59:49
SISA,SISA,5614,0.14,0.12,0.28,0.09699999999999999,2018-03-17 20:59:49
Qibuck,QBK,,0.13,0.15,0.27,0.09699999999999999,2018-03-17 20:59:49
Read,READ,234664,0.0,0.036000000000000004,0.41,0.09699999999999999,2018-03-17 20:59:49
Macro,MCR,2107,0.12,0.11,0.36,0.096,2018-03-17 20:59:49
ClearPoll,POLL,,0.0,0.28,0.26,0.096,2018-03-17 20:59:49
BitSerial,BTE,524,0.13,0.14,0.27,0.096,2018-03-17 20:59:49
CCMiner,CCM100,2,0.0,0.0,0.3,0.095,2018-03-17 20:59:49
Caliphcoin,CALC,197,0.0,0.0,0.27,0.095,2018-03-17 20:59:49
ZenGold,ZENGOLD,32734,0.0,0.19,0.28,0.095,2018-03-17 20:59:49
VPNCoin,VPN,,0.21,0.062,0.27,0.095,2018-03-17 20:59:49
BigONE Token,BIG,60621,0.0,0.12,0.31,0.094,2018-03-17 20:59:49
Mineralscoin,MIN,,0.12,0.15,0.26,0.094,2018-03-17 20:59:49
EncryptoTel [ETH],ETT,1333,0.0,0.27,0.25,0.094,2018-03-17 20:59:49
Ucoin,U,,0.13,0.12,0.29,0.09300000000000001,2018-03-17 20:59:49
WETH,WETH,207954,0.0,0.0,0.42,0.09300000000000001,2018-03-17 20:59:49
HarmonyCoin,HMC,8229,0.0,0.0,0.28,0.09300000000000001,2018-03-17 20:59:49
Node,NODE,,0.12,0.14,0.27,0.092,2018-03-17 20:59:49
EDRCoin,EDRC,206,0.16,0.092,0.28,0.092,2018-03-17 20:59:49
Vootcoin,VOOT,,0.13,0.13,0.27,0.092,2018-03-17 20:59:49
NamoCoin,NAMO,89,0.14,0.087,0.33,0.092,2018-03-17 20:59:49
Luckycoin,LKY,,0.13,0.14,0.25,0.092,2018-03-17 20:59:49
Compcoin,CMP,590,0.0,0.25,0.27,0.091,2018-03-17 20:59:49
Guarany,GUA,,0.14,0.12,0.27,0.091,2018-03-17 20:59:49
Harvest Masternode Coin,HC,3529,0.18,0.06,0.26,0.09,2018-03-17 20:59:49
Cash Poker Pro,CASH,162,0.15,0.11,0.26,0.09,2018-03-17 20:59:49
EA Coin,EAG,74071,0.12,0.0,0.3,0.08800000000000001,2018-03-17 20:59:49
ACChain,ACC,4755,0.17,0.068,0.27,0.08800000000000001,2018-03-17 20:59:49
BitcoinUltra,BTCU,,0.12,0.12,0.27,0.08800000000000001,2018-03-17 20:59:49
Moneta,MONETA,17,0.14,0.046,0.39,0.087,2018-03-17 20:59:49
MantraCoin,MNC,4,0.12,0.0,0.26,0.087,2018-03-17 20:59:49
StrikeBitClub,SBC,,0.13,0.11,0.25,0.087,2018-03-17 20:59:49
Gems,GEMZ,,0.0,0.21,0.34,0.086,2018-03-17 20:59:49
GlowShares,GSX,,0.13,0.11,0.26,0.086,2018-03-17 20:59:49
APEXcoin,APEX,,0.14,0.1,0.27,0.086,2018-03-17 20:59:49
Aiden,ADN,,0.057999999999999996,0.15,0.33,0.085,2018-03-17 20:59:49
iEthereum,IETH,,0.12,0.069,0.38,0.085,2018-03-17 20:59:49
ATC Coin,ATCC,203,0.14,0.057,0.34,0.085,2018-03-17 20:59:49
India Coin,INDIA,849,0.08900000000000001,0.1,0.34,0.084,2018-03-17 20:59:49
eGold,EGOLD,40,0.17,0.055999999999999994,0.26,0.084,2018-03-17 20:59:49
eBIT,EBIT,21,0.12,0.094,0.28,0.084,2018-03-17 20:59:49
Protean,PRN,30,0.14,0.068,0.3,0.083,2018-03-17 20:59:49
Runners,RUNNERS,13,0.12,0.049,0.39,0.083,2018-03-17 20:59:49
Cerium,XCE,,0.12,0.05,0.41,0.083,2018-03-17 20:59:49
ShareX,SEXC,194644,0.0,0.0,0.26,0.083,2018-03-17 20:59:49
Natcoin,NTC,73,0.14,0.08199999999999999,0.26,0.083,2018-03-17 20:59:49
ValueChain,VLC,239818,0.0,0.0,0.3,0.083,2018-03-17 20:59:49
Elektron,EKN,,0.13,0.055,0.37,0.08199999999999999,2018-03-17 20:59:49
MangoCoinz,MCZ,,0.13,0.091,0.26,0.08199999999999999,2018-03-17 20:59:49
Jingtum Tech,SWTC,163119,0.0,0.045,0.27,0.08199999999999999,2018-03-17 20:59:49
Jiyo,JIYO,43744,0.15,0.0,0.23,0.081,2018-03-17 20:59:49
BitSoar,BSR,270308,0.0,0.025,0.25,0.081,2018-03-17 20:59:49
Full Integrity Coin,FIC,,0.12,0.048,0.38,0.08,2018-03-17 20:59:49
ENTCash,ENT,18045,0.0,0.15,0.26,0.08,2018-03-17 20:59:49
Esports.com,ERT,17516,0.0,0.15,0.41,0.08,2018-03-17 20:59:49
KexCoin,KEXCOIN,0,0.0,0.21,0.26,0.08,2018-03-17 20:59:49
Wallet Builders Coin,WBC,,0.14,0.055999999999999994,0.31,0.08,2018-03-17 20:59:49
TerraNova,TER,810,0.12,0.063,0.32,0.079,2018-03-17 20:59:49
LePen,LEPEN,1509,0.13,0.043,0.34,0.079,2018-03-17 20:59:49
PressOne,PRS,66101,0.0,0.0,0.25,0.079,2018-03-17 20:59:49
Unioncoin,UNC,19,0.12,0.08199999999999999,0.27,0.079,2018-03-17 20:59:49
Cloud,CLD,938,0.0,0.15,0.4,0.079,2018-03-17 20:59:49
Tyrocoin,TYC,0,0.12,0.08900000000000001,0.27,0.079,2018-03-17 20:59:49
Indicoin,INDI,4983,0.0,0.2,0.27,0.079,2018-03-17 20:59:49
NumusCash,NUMUS,483,0.12,0.087,0.25,0.079,2018-03-17 20:59:49
Content and AD Network,CAN,105790,0.0,0.0,0.36,0.078,2018-03-17 20:59:49
Goldmaxcoin,GMX,91,0.12,0.077,0.27,0.078,2018-03-17 20:59:49
Alibabacoin,ABBC,,0.0,0.15,0.39,0.078,2018-03-17 20:59:49
Freshcoin,FRSH,,0.15,0.051,0.27,0.077,2018-03-17 20:59:49
SARCoin,SAR,,0.15,0.051,0.27,0.077,2018-03-17 20:59:49
xCash,XCASH,,0.13,0.053,0.31,0.077,2018-03-17 20:59:49
Tattoocoin (Limited Edition),TLE,0,0.13,0.057999999999999996,0.27,0.077,2018-03-17 20:59:49
Magnetcoin,MAGN,152,0.13,0.051,0.29,0.077,2018-03-17 20:59:49
GSMcoin,GSM,,0.13,0.066,0.27,0.076,2018-03-17 20:59:49
GAY Money,GAY,5,0.15,0.023,0.29,0.075,2018-03-17 20:59:49
High Gain,HIGH,3,0.13,0.051,0.29,0.075,2018-03-17 20:59:49
VOISE,VSM,,0.12,0.028999999999999998,0.38,0.075,2018-03-17 20:59:49
Xios,XIOS,,0.12,0.07,0.27,0.075,2018-03-17 20:59:49
Applecoin,APC,400,0.14,0.039,0.27,0.075,2018-03-17 20:59:49
Bitbase,BTBC,,0.13,0.068,0.26,0.07400000000000001,2018-03-17 20:59:49
Shibecoin,SHIBE,,0.12,0.069,0.27,0.07400000000000001,2018-03-17 20:59:49
ZcCoin,ZCC,69,0.18,0.0,0.27,0.07400000000000001,2018-03-17 20:59:49
UAHPay,UAH,,0.12,0.068,0.26,0.073,2018-03-17 20:59:49
Turbocoin,TURBO,9,0.12,0.057,0.27,0.073,2018-03-17 20:59:49
Frazcoin,FRAZ,3,0.13,0.054000000000000006,0.27,0.073,2018-03-17 20:59:49
PeopleCoin,MEN,0,0.12,0.063,0.27,0.07200000000000001,2018-03-17 20:59:49
MasterTraderCoin,MTR,,0.14,0.066,0.21,0.07200000000000001,2018-03-17 20:59:49
UtilityCoin,UTIL,,0.12,0.046,0.31,0.07200000000000001,2018-03-17 20:59:49
UG Token,UGT,,0.0,0.15,0.34,0.07200000000000001,2018-03-17 20:59:49
Qube,QUBE,305718,0.0,0.0,0.3,0.07,2018-03-17 20:59:49
Roofs,ROOFS,,0.12,0.053,0.27,0.07,2018-03-17 20:59:49
Avoncoin,ACN,10,0.14,0.024,0.27,0.069,2018-03-17 20:59:49
GulfCoin,MGC,472,0.12,0.051,0.27,0.069,2018-03-17 20:59:49
Tokugawa,TOK,11430,0.13,0.054000000000000006,0.24,0.069,2018-03-17 20:59:49
Cryptokenz,CYT,,0.12,0.049,0.26,0.069,2018-03-17 20:59:49
OX Fina,OX,11524,0.12,0.057999999999999996,0.22,0.069,2018-03-17 20:59:49
MapCoin,MAPC,,0.12,0.046,0.27,0.068,2018-03-17 20:59:49
Pipcoin,PIP,,0.13,0.024,0.29,0.068,2018-03-17 20:59:49
Cyder,CYDER,1668,0.15,0.0,0.28,0.068,2018-03-17 20:59:49
Maverick Chain,MVC,14089,0.0,0.09300000000000001,0.28,0.067,2018-03-17 20:59:49
YoGold,YOG,,0.0,0.15,0.29,0.067,2018-03-17 20:59:49
Kashhcoin,KASHH,1,0.084,0.069,0.27,0.067,2018-03-17 20:59:49
Cubits,QBT,221,0.14,0.0,0.3,0.067,2018-03-17 20:59:49
Bikercoin,BIC,,0.12,0.040999999999999995,0.27,0.067,2018-03-17 20:59:49
DigiCube,CUBE,18975,0.14,0.0,0.28,0.066,2018-03-17 20:59:49
Nxttycoin,NXTTY,,0.0,0.15,0.26,0.065,2018-03-17 20:59:49
Falcoin,FAL,0,0.0,0.0,0.37,0.064,2018-03-17 20:59:49
Muse,MUSE,56,0.0,0.11,0.35,0.063,2018-03-17 20:59:49
Candy,CANDY,138637,0.0,0.0,0.36,0.063,2018-03-17 20:59:49
Putin Classic,PUTIC,,0.13,0.0,0.3,0.063,2018-03-17 20:59:49
StarChain,STC,118274,0.0,0.0,0.25,0.063,2018-03-17 20:59:49
Groupcoin,GPC,,0.12,0.02,0.27,0.063,2018-03-17 20:59:49
IDEX Membership,IDXM,12476,0.0,0.084,0.38,0.061,2018-03-17 20:59:49
MorningStar,MRNG,26,0.0,0.11,0.33,0.06,2018-03-17 20:59:49
DarkLisk,DISK,5,0.13,0.0,0.25,0.06,2018-03-17 20:59:49
Loom Network,LOOM,,0.12,0.0,0.28,0.059000000000000004,2018-03-17 20:59:49
TradecoinV2,TRADE2,,0.13,0.0,0.26,0.059000000000000004,2018-03-17 20:59:49
Faceblock,FBL,30,0.0,0.07,0.41,0.059000000000000004,2018-03-17 20:59:49
iTicoin,ITI,,0.13,0.0,0.27,0.059000000000000004,2018-03-17 20:59:49
CoEval,COE,,0.0,0.14,0.24,0.059000000000000004,2018-03-17 20:59:49
UtaCoin,UTA,0,0.12,0.0,0.27,0.059000000000000004,2018-03-17 20:59:49
Bitcoin God,GOD,782,0.0,0.076,0.37,0.057999999999999996,2018-03-17 20:59:49
Neptunecoin,NTC,73,0.12,0.0,0.26,0.057999999999999996,2018-03-17 20:59:49
Coinomat,CNMT,,0.0,0.12,0.27,0.057999999999999996,2018-03-17 20:59:49
BitStake,XBS,,0.13,0.0,0.25,0.057,2018-03-17 20:59:49
MaYaCoin,MYC,,0.12,0.0,0.27,0.057,2018-03-17 20:59:49
MBitBooks,MBIT,,0.13,0.0,0.24,0.057,2018-03-17 20:59:49
Xenixcoin,XEN,,0.12,0.0,0.26,0.055999999999999994,2018-03-17 20:59:49
EtherDoge,EDOGE,,0.12,0.0,0.24,0.055999999999999994,2018-03-17 20:59:49
Bitcoin Silver,BTCS,,0.0,0.081,0.36,0.055999999999999994,2018-03-17 20:59:49
Hyper Pay,HPY,,0.0,0.098,0.31,0.055999999999999994,2018-03-17 20:59:49
Scotcoin,SCOT,,0.0,0.13,0.23,0.055999999999999994,2018-03-17 20:59:49
BITFID,FID,1,0.12,0.0,0.25,0.055,2018-03-17 20:59:49
FluzFluz,FLUZ,7631,0.0,0.12,0.23,0.055,2018-03-17 20:59:49
Shekel,JEW,5741,0.0,0.066,0.36,0.054000000000000006,2018-03-17 20:59:49
Bankera,BNK,,0.0,0.08900000000000001,0.31,0.054000000000000006,2018-03-17 20:59:49
Cashaa,CAS,21957,0.0,0.0,0.29,0.052000000000000005,2018-03-17 20:59:49
BitcoinCashScrypt,BCCS,0,0.11,0.0,0.24,0.052000000000000005,2018-03-17 20:59:49
MSD,MSD,44856,0.0,0.0,0.33,0.052000000000000005,2018-03-17 20:59:49
Fibre,FIBRE,,0.0,0.12,0.22,0.052000000000000005,2018-03-17 20:59:49
Escroco,ESC,645,0.0,0.11,0.25,0.052000000000000005,2018-03-17 20:59:49
Alphacat,ACAT,35995,0.0,0.0,0.29,0.052000000000000005,2018-03-17 20:59:49
First Bitcoin,BIT,248,0.0,0.038,0.4,0.051,2018-03-17 20:59:49
10M Token,10MT,70,0.0,0.066,0.33,0.051,2018-03-17 20:59:49
TimesCoin,TMC,27664,0.0,0.0,0.25,0.051,2018-03-17 20:59:49
First Bitcoin Capital,BITCF,910,0.0,0.038,0.39,0.051,2018-03-17 20:59:49
The Deal Coin,DLSD,,0.0,0.083,0.3,0.05,2018-03-17 20:59:49
iBTC,IBTC,1,0.0,0.076,0.29,0.05,2018-03-17 20:59:49
GameChain System,GCS,14329,0.0,0.047,0.28,0.049,2018-03-17 20:59:49
President Trump,PRES,1013,0.0,0.05,0.34,0.049,2018-03-17 20:59:49
Bitcoin2x,BTC2X,0,0.0,0.073,0.27,0.048,2018-03-17 20:59:49
LLToken,LLT,1,0.0,0.084,0.27,0.048,2018-03-17 20:59:49
Primulon,PRIMU,419,0.0,0.08199999999999999,0.25,0.048,2018-03-17 20:59:49
Litecoin Gold,LTG,6047,0.0,0.076,0.26,0.048,2018-03-17 20:59:49
Swapcoin,SWP,1198,0.0,0.069,0.28,0.047,2018-03-17 20:59:49
Internet of Things,XOT,351,0.0,0.04,0.36,0.047,2018-03-17 20:59:49
DeBuNe,DEBUNE,,0.0,0.1,0.21,0.047,2018-03-17 20:59:49
Ethereum Lite,ELITE,488,0.0,0.076,0.26,0.047,2018-03-17 20:59:49
eLTC,ELTC2,0,0.0,0.065,0.28,0.046,2018-03-17 20:59:49
iQuant,IQT,1324,0.0,0.07400000000000001,0.25,0.046,2018-03-17 20:59:49
NEO GOLD,NEOG,805,0.0,0.057,0.3,0.046,2018-03-17 20:59:49
eUSD,EUSD,41,0.0,0.07200000000000001,0.25,0.045,2018-03-17 20:59:49
Minex,MINEX,69,0.0,0.067,0.26,0.045,2018-03-17 20:59:49
BTCMoon,BTCM,88,0.0,0.065,0.26,0.045,2018-03-17 20:59:49
Maggie,MAG,12912,0.0,0.0,0.32,0.044000000000000004,2018-03-17 20:59:49
Dutch Coin,DUTCH,127,0.0,0.049,0.3,0.044000000000000004,2018-03-17 20:59:49
Authoreon,AUN,,0.0,0.076,0.24,0.043,2018-03-17 20:59:49
Bitcoin SegWit2X,BT2,3278,0.0,0.0,0.36,0.043,2018-03-17 20:59:49
FAPcoin,FAP,33,0.0,0.054000000000000006,0.27,0.042,2018-03-17 20:59:49
Bastonet,BSN,,0.0,0.068,0.25,0.042,2018-03-17 20:59:49
Wi Coin,WIC,284,0.0,0.12,0.077,0.040999999999999995,2018-03-17 20:59:49
LTBcoin,LTBC,,0.0,0.055,0.27,0.04,2018-03-17 20:59:49
Facecoin,FC,,0.0,0.055,0.26,0.04,2018-03-17 20:59:49
DRP Utility,DRPU,2792,0.0,0.0,0.37,0.039,2018-03-17 20:59:49
Casino,CASINO,,0.0,0.0,0.39,0.039,2018-03-17 20:59:49
RHFCoin,RHFC,2,0.0,0.048,0.25,0.039,2018-03-17 20:59:49
TileCoin,XTC,,0.0,0.049,0.27,0.039,2018-03-17 20:59:49
President Johnson,GARY,293,0.0,0.0,0.36,0.038,2018-03-17 20:59:49
Akuya Coin,AKY,63,0.0,0.047,0.24,0.038,2018-03-17 20:59:49
UniversalRoyalCoin,UNRC,30,0.0,0.032,0.27,0.037000000000000005,2018-03-17 20:59:49
MMNXT,MMNXT,,0.0,0.043,0.25,0.035,2018-03-17 20:59:49
Infinity Pay,IPY,2,0.0,0.0,0.33,0.035,2018-03-17 20:59:49
NxttyACCI,ACCI,,0.0,0.032,0.26,0.034,2018-03-17 20:59:49
Bitfinex Bitcoin Future,BT1,4962,0.0,0.0,0.34,0.034,2018-03-17 20:59:49
Project-X,NANOX,936,0.0,0.0,0.31,0.033,2018-03-17 20:59:49
Round,ROUND,,0.0,0.0,0.32,0.032,2018-03-17 20:59:49
Wowcoin,WOW,210,0.0,0.0,0.28,0.03,2018-03-17 20:59:49
PinkDog,PDG,0,0.0,0.0,0.28,0.03,2018-03-17 20:59:49
SnakeEyes,SNAKE,5,0.0,0.0,0.28,0.03,2018-03-17 20:59:49
DHG,DHG,,0.0,0.0,0.29,0.028999999999999998,2018-03-17 20:59:49
Pangea Poker,PANGEA,,0.0,0.0,0.29,0.028999999999999998,2018-03-17 20:59:49
SwapToken,TOKEN,646,0.0,0.0,0.27,0.028999999999999998,2018-03-17 20:59:49
SIGMAcoin,SIGMA,1436,0.0,0.0,0.27,0.028999999999999998,2018-03-17 20:59:49
Hacker Gold,HKG,,0.0,0.0,0.28,0.027999999999999997,2018-03-17 20:59:49
Rcoin,RCN,18,0.0,0.0,0.25,0.027000000000000003,2018-03-17 20:59:49
XTD Coin,XTD,322,0.0,0.012,0.22,0.027000000000000003,2018-03-17 20:59:49
DigiEuro,DEUR,,0.0,0.0,0.27,0.027000000000000003,2018-03-17 20:59:49
NXTventure,NXTV,,0.0,0.0,0.27,0.027000000000000003,2018-03-17 20:59:49
jl777hodl,JLH,,0.0,0.0,0.26,0.026000000000000002,2018-03-17 20:59:49
TeslaCoilCoin,TESLA,1098,0.0,0.0,0.24,0.026000000000000002,2018-03-17 20:59:49
SocialxBot,XBOT,,0.0,0.0,0.26,0.026000000000000002,2018-03-17 20:59:49
Krypton,KR,,0.0,0.0,0.26,0.026000000000000002,2018-03-17 20:59:49
