id,name,symbol,rank,price,day_volume,market_cap,p_day_vol,available_supply,total_supply,p_tot_supply,max_supply,p_max_supply,p_change_hour,p_change_day,p_change_week,last_updated,load_date
bitcoin,Bitcoin,BTC,1,9874.96,6497270000.0,167031245290.0,0.038898530563664456,16914625.0,16914625.0,1.0,21000000.0,0.8054583333333334,-0.0007000000000000001,0.09820000000000001,-0.1425,2018-03-12 20:49:26,2018-03-12 20:51:12
ethereum,Ethereum,ETH,2,738.402,1570000000.0,72466713484.0,0.02166511939784108,98139920.0,98139920.0,1.0,1.0,0,-0.0,0.05,-0.1459,2018-03-12 20:49:12,2018-03-12 20:51:12
ripple,Ripple,XRP,3,0.834263,443197000.0,32612973077.0,0.013589592060607336,39091956706.0,99992520283.0,0.39094880892452244,100000000000.0,0.39091956706,-0.0006,0.030899999999999997,-0.20679999999999998,2018-03-12 20:49:01,2018-03-12 20:51:12
bitcoin-cash,Bitcoin Cash,BCH,4,1128.2,514714000.0,19194489675.0,0.026815716839317324,17013375.0,17013375.0,1.0,21000000.0,0.8101607142857142,-0.0045000000000000005,0.0709,-0.11939999999999999,2018-03-12 20:49:12,2018-03-12 20:51:12
litecoin,Litecoin,LTC,5,190.878,631764000.0,10611579481.0,0.05953534072200764,55593518.0,55593518.0,1.0,84000000.0,0.6618275952380952,-0.008100000000000001,0.0371,-0.1017,2018-03-12 20:49:01,2018-03-12 20:51:12
cardano,Cardano,ADA,6,0.234262,192529000.0,6073727398.0,0.0316986567529187,25927070538.0,31112483745.0,0.8333333574554833,45000000000.0,0.5761571230666667,0.022000000000000002,0.1343,-0.2241,2018-03-12 20:49:14,2018-03-12 20:51:12
neo,NEO,NEO,7,92.109,124390000.0,5987085000.0,0.020776387841495485,65000000.0,100000000.0,0.65,100000000.0,0.65,-0.0022,0.056900000000000006,-0.21969999999999998,2018-03-12 20:49:07,2018-03-12 20:51:12
stellar,Stellar,XLM,8,0.30869,25410100.0,5710280089.0,0.0044498868013407526,18498429132.0,103748462367.0,0.17830075463252287,1.0,0,0.0088,0.055099999999999996,-0.1999,2018-03-12 20:49:03,2018-03-12 20:51:12
monero,Monero,XMR,9,284.2,64921500.0,4494801267.0,0.014443686415379842,15815627.0,15815627.0,1.0,1.0,0,-0.0034000000000000002,0.0768,-0.22469999999999998,2018-03-12 20:49:02,2018-03-12 20:51:12
eos,EOS,EOS,10,6.13908,235153000.0,4436278363.0,0.05300681804849133,722629183.0,900000000.0,0.8029213144444445,1000000000.0,0.722629183,-0.0067,0.0381,-0.2492,2018-03-12 20:49:11,2018-03-12 20:51:12
dash,Dash,DASH,11,545.299,96825900.0,4330439138.0,0.022359372090082933,7941403.0,7941403.0,1.0,18900000.0,0.4201800529100529,-0.0039000000000000003,0.0959,-0.1157,2018-03-12 20:49:01,2018-03-12 20:51:12
iota,IOTA,MIOTA,12,1.40246,28546100.0,3898180041.0,0.007322930110913264,2779530283.0,2779530283.0,1.0,2779530283.0,1.0,-0.0042,0.0576,-0.25370000000000004,2018-03-12 20:49:10,2018-03-12 20:51:12
nem,NEM,XEM,13,0.401946,69234800.0,3617514000.0,0.01913877873036566,8999999999.0,8999999999.0,1.0,1.0,0,0.0060999999999999995,0.1623,0.1336,2018-03-12 20:49:04,2018-03-12 20:51:12
tron,TRON,TRX,14,0.0390669,263379000.0,2568578061.0,0.10253883422856191,65748192475.0,100000000000.0,0.65748192475,1.0,0,-0.0032,0.0953,-0.1671,2018-03-12 20:49:13,2018-03-12 20:51:12
tether,Tether,USDT,15,1.00322,2321360000.0,2224280007.0,1.0436455809045988,2217140814.0,2280109970.0,0.972383281144988,1.0,0,0.0014000000000000002,0.001,0.0044,2018-03-12 20:49:05,2018-03-12 20:51:12
ethereum-classic,Ethereum Classic,ETC,16,21.5571,248120000.0,2165461915.0,0.11458063440473854,100452376.0,100452376.0,1.0,1.0,0,-0.0046,0.037200000000000004,-0.2541,2018-03-12 20:49:07,2018-03-12 20:51:12
vechain,VeChain,VEN,17,4.18664,79070900.0,2030296877.0,0.03894548669002361,484946610.0,873378637.0,0.5552535744013166,1.0,0,0.0163,0.1636,-0.1116,2018-03-12 20:49:12,2018-03-12 20:51:12
nano,Nano,NANO,18,11.6937,49920500.0,1558165520.0,0.03203799555261626,133248289.0,133248289.0,1.0,133248290.0,0.9999999924952132,-0.013500000000000002,0.049400000000000006,-0.2305,2018-03-12 20:49:09,2018-03-12 20:51:12
lisk,Lisk,LSK,19,15.0643,20333200.0,1547637216.0,0.013138221147558653,102735422.0,118952068.0,0.8636707518191277,1.0,0,0.0036,0.0519,-0.1924,2018-03-12 20:49:06,2018-03-12 20:51:12
omisego,OmiseGO,OMG,20,14.5488,30537600.0,1484596677.0,0.020569627073198683,102042552.0,140245398.0,0.727600002960525,1.0,0,-0.0036,0.064,-0.1753,2018-03-12 20:49:11,2018-03-12 20:51:12
bitcoin-gold,Bitcoin Gold,BTG,21,85.5883,18615300.0,1444391240.0,0.012887990098859919,16876036.0,16976036.0,0.9941093433119487,21000000.0,0.803620761904762,-0.0037,0.0482,-0.2336,2018-03-12 20:49:14,2018-03-12 20:51:12
qtum,Qtum,QTUM,22,19.41,117933000.0,1435235493.0,0.08216979065469641,73943096.0,100443096.0,0.736169024499205,1.0,0,0.0023,0.0464,-0.2725,2018-03-12 20:49:10,2018-03-12 20:51:12
icon,ICON,ICX,23,2.79422,9742320.0,1078967135.0,0.00902930189806013,386142514.0,400230000.0,0.964801524123629,1.0,0,0.0017000000000000001,0.07690000000000001,-0.22719999999999999,2018-03-12 20:49:15,2018-03-12 20:51:12
zcash,Zcash,ZEC,24,308.016,56370000.0,1066592030.0,0.05285057305369139,3462781.0,3462781.0,1.0,1.0,0,-0.0019,0.046799999999999994,-0.2318,2018-03-12 20:49:08,2018-03-12 20:51:12
binance-coin,Binance Coin,BNB,25,8.47711,57328900.0,839352570.0,0.06830133372916222,99014000.0,197192382.0,0.5021187887471231,1.0,0,-0.0025,0.08070000000000001,-0.1761,2018-03-12 20:49:12,2018-03-12 20:51:12
digixdao,DigixDAO,DGD,26,364.157,8543790.0,728314000.0,0.0117309155117161,2000000.0,2000000.0,1.0,1.0,0,-0.0019,0.056100000000000004,-0.2661,2018-03-12 20:49:06,2018-03-12 20:51:12
steem,Steem,STEEM,27,2.62687,4788700.0,663523938.0,0.007217071948352223,252591083.0,269565177.0,0.9370315773390864,1.0,0,0.0087,0.1014,-0.2486,2018-03-12 20:49:06,2018-03-12 20:51:12
bytecoin-bcn,Bytecoin,BCN,28,0.00353242,4235030.0,649179289.0,0.006523667762912874,183777492086.0,183777492086.0,1.0,184470000000.0,0.9962459591586708,-0.0019,0.0875,-0.1346,2018-03-12 20:49:02,2018-03-12 20:51:12
populous,Populous,PPT,29,16.6575,1289570.0,616394578.0,0.0020921176889391784,37004027.0,53252246.0,0.6948819961509229,53252246.0,0.6948819961509229,0.0034999999999999996,0.0654,-0.2266,2018-03-12 20:49:13,2018-03-12 20:51:12
verge,Verge,XVG,30,0.0404366,7995960.0,594397513.0,0.013452209716765756,14699492867.0,14699492867.0,1.0,16555000000.0,0.8879186268196919,0.0058,0.0904,-0.2752,2018-03-12 20:49:03,2018-03-12 20:51:12
waves,Waves,WAVES,31,5.93461,24736200.0,593461000.0,0.04168125622408212,100000000.0,100000000.0,1.0,1.0,0,-0.002,0.07629999999999999,-0.13699999999999998,2018-03-12 20:49:06,2018-03-12 20:51:12
stratis,Stratis,STRAT,32,5.94869,4062450.0,587574200.0,0.006913935295321,98773713.0,98773713.0,1.0,1.0,0,-0.0064,0.10890000000000001,-0.28190000000000004,2018-03-12 20:49:07,2018-03-12 20:51:12
maker,Maker,MKR,33,857.43,862582.0,530087037.0,0.0016272459799842266,618228.0,1000000.0,0.618228,1.0,0,0.0001,0.0611,-0.12210000000000001,2018-03-12 20:49:08,2018-03-12 20:51:12
rchain,RChain,RHOC,34,1.44416,598397.0,519111814.0,0.0011527323860905235,359455887.0,870663574.0,0.4128527915192189,1000000000.0,0.359455887,-0.0074,0.051500000000000004,-0.22210000000000002,2018-03-12 20:49:14,2018-03-12 20:51:12
siacoin,Siacoin,SC,35,0.0152469,4470250.0,503614621.0,0.00887633085616869,33030623997.0,33030623997.0,1.0,1.0,0,0.0409,0.15869999999999998,-0.23600000000000002,2018-03-12 20:49:05,2018-03-12 20:51:12
status,Status,SNT,36,0.142872,29428700.0,495834960.0,0.05935180528617829,3470483788.0,6804870174.0,0.5099999998912543,1.0,0,0.0043,0.0464,-0.16829999999999998,2018-03-12 20:49:11,2018-03-12 20:51:12
dogecoin,Dogecoin,DOGE,37,0.0042129,9285790.0,478409342.0,0.019409717128809748,113558200343.0,113558200343.0,1.0,1.0,0,-0.0045000000000000005,0.045599999999999995,-0.21539999999999998,2018-03-12 20:49:01,2018-03-12 20:51:12
bitshares,BitShares,BTS,38,0.173435,7413890.0,452769411.0,0.0163745381641959,2610600000.0,2610600000.0,1.0,3600570502.0,0.7250517656993236,-0.009899999999999999,0.045,-0.23620000000000002,2018-03-12 20:49:03,2018-03-12 20:51:12
decred,Decred,DCR,39,63.116,852495.0,436665685.0,0.001952283014865251,6918463.0,7338463.0,0.942767306996029,21000000.0,0.329450619047619,-0.005600000000000001,0.0424,-0.214,2018-03-12 20:49:06,2018-03-12 20:51:12
aeternity,Aeternity,AE,40,1.85224,1636700.0,431609839.0,0.003792082228227425,233020472.0,273685830.0,0.8514159172946586,1.0,0,-0.0039000000000000003,0.0378,-0.2029,2018-03-12 20:49:10,2018-03-12 20:51:12
waltonchain,Waltonchain,WTC,41,17.0291,8901490.0,423993563.0,0.02099439891732507,24898178.0,70000000.0,0.3556882571428571,100000000.0,0.24898178,-0.0092,0.0632,-0.1471,2018-03-12 20:49:13,2018-03-12 20:51:12
augur,Augur,REP,42,37.1347,3116430.0,408481700.0,0.007629301386084125,11000000.0,11000000.0,1.0,1.0,0,-0.0039000000000000003,0.10310000000000001,-0.2014,2018-03-12 20:49:05,2018-03-12 20:51:12
komodo,Komodo,KMD,43,3.77673,1322660.0,392791645.0,0.003367332316857198,104003105.0,104003105.0,1.0,1.0,0,0.0070999999999999995,0.1015,-0.1265,2018-03-12 20:49:08,2018-03-12 20:51:12
bytom,Bytom,BTM,44,0.379704,12476400.0,374767848.0,0.033291009531852905,987000000.0,1407000000.0,0.7014925373134329,1.0,0,-0.0,0.077,-0.159,2018-03-12 20:49:12,2018-03-12 20:51:12
0x,0x,ZRX,45,0.690974,4183930.0,357199521.0,0.011713145606373867,516950740.0,1000000000.0,0.51695074,1.0,0,-0.0073,0.08529999999999999,-0.2397,2018-03-12 20:49:12,2018-03-12 20:51:12
ark,Ark,ARK,46,3.52716,1761930.0,356888327.0,0.004936922467626687,101182914.0,132432914.0,0.7640314703035229,1.0,0,0.0086,0.13470000000000001,-0.1246,2018-03-12 20:49:09,2018-03-12 20:51:12
veritaseum,Veritaseum,VERI,47,170.261,833067.0,346761289.0,0.0024024221458007096,2036645.0,100000000.0,0.02036645,1.0,0,-0.0179,0.0045000000000000005,-0.15539999999999998,2018-03-12 20:49:10,2018-03-12 20:51:12
zilliqa,Zilliqa,ZIL,48,0.0510093,33275700.0,336933105.0,0.09876055367132891,6605326966.0,12600000000.0,0.5242322988888889,1.0,0,0.0001,0.018500000000000003,-0.1291,2018-03-12 20:49:19,2018-03-12 20:51:12
electroneum,Electroneum,ETN,49,0.052587,930235.0,336634969.0,0.0027633344294662387,6401486470.0,6401486470.0,1.0,21000000000.0,0.30483268904761907,0.0149,0.084,-0.3123,2018-03-12 20:49:15,2018-03-12 20:51:12
kucoin-shares,KuCoin Shares,KCS,50,3.44729,669395.0,313851885.0,0.002132837277685938,91043076.0,181043076.0,0.5028807398301165,1.0,0,-0.001,0.113,-0.0824,2018-03-12 20:49:14,2018-03-12 20:51:12
cryptonex,Cryptonex,CNX,51,6.76993,204494.0,305729829.0,0.0006688716003566665,45159969.0,106597595.0,0.4236490419882362,210000000.0,0.21504747142857142,0.0015,0.0857,-0.16899999999999998,2018-03-12 20:49:14,2018-03-12 20:51:12
ardor,Ardor,ARDR,52,0.30601,2445650.0,305703835.0,0.008000063198422093,998999495.0,998999495.0,1.0,998999495.0,1.0,-0.0013,0.0925,-0.25489999999999996,2018-03-12 20:49:07,2018-03-12 20:51:12
digibyte,DigiByte,DGB,53,0.0304094,5635760.0,302920820.0,0.018604729777240137,9961420483.0,9961420483.0,1.0,21000000000.0,0.4743533563333333,0.0326,0.23370000000000002,-0.1364,2018-03-12 20:49:01,2018-03-12 20:51:12
syscoin,Syscoin,SYS,54,0.532607,1052010.0,283099917.0,0.0037160378256133504,531536230.0,531536230.0,1.0,888000000.0,0.5985768355855856,-0.0011,0.0713,-0.22510000000000002,2018-03-12 20:49:03,2018-03-12 20:51:12
dragonchain,Dragonchain,DRGN,55,1.16259,1177320.0,277186963.0,0.00424738590609689,238421940.0,433494437.0,0.5499999991926079,1.0,0,-0.011000000000000001,0.0553,-0.3068,2018-03-12 20:49:16,2018-03-12 20:51:12
basic-attention-token,Basic Attention Token,BAT,56,0.275639,2345250.0,275639000.0,0.008508411364139327,1000000000.0,1500000000.0,0.6666666666666666,1.0,0,-0.0088,0.0416,-0.2777,2018-03-12 20:49:10,2018-03-12 20:51:12
hshare,Hshare,HSR,57,6.43574,19992100.0,274987007.0,0.0727019804248424,42728110.0,42728110.0,1.0,84000000.0,0.5086679761904762,0.001,0.0553,-0.3154,2018-03-12 20:49:12,2018-03-12 20:51:12
golem-network-tokens,Golem,GNT,58,0.326185,3808740.0,272123750.0,0.01399635276230024,834262000.0,1000000000.0,0.834262,1.0,0,0.008,0.084,-0.2758,2018-03-12 20:49:08,2018-03-12 20:51:12
gas,Gas,GAS,59,27.2732,2019340.0,269870528.0,0.0074826251497903465,9895081.0,16097265.0,0.6147057279606194,100000000.0,0.09895081,-0.0087,0.0802,-0.2122,2018-03-12 20:49:12,2018-03-12 20:51:12
ethos,Ethos,ETHOS,60,3.51269,1816700.0,266877193.0,0.0068072508541409905,75975162.0,222295208.0,0.3417759774650653,1.0,0,0.002,0.15289999999999998,-0.2633,2018-03-12 20:49:12,2018-03-12 20:51:12
pivx,PIVX,PIVX,61,4.7671,1034960.0,265738886.0,0.0038946501792741016,55744349.0,55744349.0,1.0,1.0,0,-0.0033,0.091,-0.2113,2018-03-12 20:49:06,2018-03-12 20:51:12
monacoin,MonaCoin,MONA,62,4.30718,2788660.0,249862526.0,0.011160777266775892,58010700.0,58010700.0,1.0,1.0,0,-0.0046,0.052300000000000006,-0.2052,2018-03-12 20:49:01,2018-03-12 20:51:12
factom,Factom,FCT,63,28.1759,1627890.0,246401119.0,0.006606666425082266,8745102.0,8745102.0,1.0,1.0,0,0.0044,0.0851,-0.2112,2018-03-12 20:49:05,2018-03-12 20:51:12
qash,QASH,QASH,64,0.70058,2927270.0,245203000.0,0.0119381492069836,350000000.0,1000000000.0,0.35,1.0,0,-0.0053,0.0653,-0.1413,2018-03-12 20:49:16,2018-03-12 20:51:12
aion,Aion,AION,65,2.54198,1289000.0,244422315.0,0.005273659240155711,96154303.0,465934587.0,0.20636867423623995,1.0,0,-0.0066,0.0832,-0.21850000000000003,2018-03-12 20:49:15,2018-03-12 20:51:12
nebulas-token,Nebulas,NAS,66,6.42625,4744560.0,228131875.0,0.0207974444605779,35500000.0,100000000.0,0.355,100000000.0,0.355,-0.0044,0.0924,-0.1979,2018-03-12 20:49:12,2018-03-12 20:51:12
funfair,FunFair,FUN,67,0.0487476,895890.0,224486339.0,0.00399084418228229,4605074689.0,10999873621.0,0.41864796339190596,1.0,0,-0.0106,0.08789999999999999,-0.18789999999999998,2018-03-12 20:49:10,2018-03-12 20:51:12
loopring,Loopring,LRC,68,0.368749,3745660.0,210951731.0,0.017756005045533377,572074043.0,1374956262.0,0.41606708432155204,1.0,0,0.0013,0.0208,-0.3381,2018-03-12 20:49:13,2018-03-12 20:51:12
revain,Revain,R,69,1.13844,8548020.0,209985258.0,0.040707714824437816,184450000.0,484450000.0,0.38074104654763136,484450000.0,0.38074104654763136,0.0217,0.1072,-0.2605,2018-03-12 20:49:16,2018-03-12 20:51:12
aelf,aelf,ELF,70,0.831649,7867220.0,207912250.0,0.037839136462618245,250000000.0,280000000.0,0.8928571428571429,1000000000.0,0.25,-0.0036,0.1324,-0.3209,2018-03-12 20:49:17,2018-03-12 20:51:12
reddcoin,ReddCoin,RDD,71,0.00687848,3354720.0,197922428.0,0.016949670807393288,28774151777.0,28774151777.0,1.0,1.0,0,-0.010700000000000001,0.1125,-0.2132,2018-03-12 20:49:01,2018-03-12 20:51:12
dentacoin,Dentacoin,DCN,72,0.000607635,158638.0,197619073.0,0.0008027464029243777,325226613094.0,1963173416169.0,0.16566372100161061,8000000000000.0,0.04065332663675,-0.0043,0.1216,0.0137,2018-03-12 20:49:13,2018-03-12 20:51:12
byteball,Byteball Bytes,GBYTE,73,301.661,739204.0,194638330.0,0.003797833653833754,645222.0,1000000.0,0.645222,1.0,0,0.0064,0.0407,-0.35090000000000005,2018-03-12 20:49:08,2018-03-12 20:51:12
zcoin,ZCoin,XZC,74,45.1795,1167400.0,193739469.0,0.006025617836291272,4288216.0,4288216.0,1.0,21400000.0,0.20038392523364487,0.0217,0.08710000000000001,-0.17579999999999998,2018-03-12 20:49:08,2018-03-12 20:51:12
particl,Particl,PART,75,21.4072,341516.0,190505470.0,0.0017926834331843595,8899131.0,8899131.0,1.0,1.0,0,-0.0115,0.0858,-0.3336,2018-03-12 20:49:11,2018-03-12 20:51:12
chainlink,ChainLink,LINK,76,0.541692,2964280.0,189592200.0,0.015635031398971055,350000000.0,1000000000.0,0.35,1.0,0,0.0015,0.1398,-0.0883,2018-03-12 20:49:13,2018-03-12 20:51:12
kyber-network,Kyber Network,KNC,77,1.37482,4858800.0,184408314.0,0.0263480528323685,134132697.0,215625349.0,0.6220636748975187,1.0,0,-0.0003,0.1014,-0.3232,2018-03-12 20:49:13,2018-03-12 20:51:12
gxchain,GXChain,GXS,78,3.04941,6343800.0,182964600.0,0.03467228086744649,60000000.0,100000000.0,0.6,100000000.0,0.6,-0.0078000000000000005,0.0581,-0.2165,2018-03-12 20:49:11,2018-03-12 20:51:12
kin,Kin,KIN,79,0.000241763,256509.0,182796415.0,0.0014032496206230303,756097560976.0,10000000000000.0,0.0756097560976,1.0,0,0.0064,0.0894,-0.1825,2018-03-12 20:49:14,2018-03-12 20:51:12
iostoken,IOStoken,IOST,80,0.0216877,49816700.0,182176680.0,0.27345267242766746,8400000000.0,21000000000.0,0.4,1.0,0,-0.0058,0.1734,-0.3942,2018-03-12 20:49:18,2018-03-12 20:51:12
polymath-network,Polymath,POLY,81,0.746925,535434.0,179261813.0,0.0029868826552590984,239999750.0,1000000000.0,0.23999975,1.0,0,0.0098,0.12890000000000001,-0.1514,2018-03-12 20:49:19,2018-03-12 20:51:12
salt,SALT,SALT,82,3.2139,2313340.0,179149053.0,0.01291293457186179,55741950.0,120000000.0,0.46451625,1.0,0,-0.0172,0.06860000000000001,-0.2546,2018-03-12 20:49:14,2018-03-12 20:51:12
neblio,Neblio,NEBL,83,13.0933,4347470.0,168865858.0,0.02574510947026367,12897120.0,13648742.0,0.9449310419963979,1.0,0,0.0015,0.1057,-0.19039999999999999,2018-03-12 20:49:13,2018-03-12 20:51:12
dent,Dent,DENT,84,0.015885,1221920.0,168615478.0,0.00724678430766599,10614760961.0,100000000000.0,0.10614760961,1.0,0,-0.0148,0.10339999999999999,-0.2462,2018-03-12 20:49:13,2018-03-12 20:51:12
power-ledger,Power Ledger,POWR,85,0.45843,3090730.0,166837642.0,0.01852537570628096,363932644.0,1000000000.0,0.363932644,1.0,0,0.0027,0.1241,-0.21850000000000003,2018-03-12 20:49:16,2018-03-12 20:51:12
smartcash,SmartCash,SMART,86,0.21109,102458.0,165699596.0,0.0006183358467572848,784971320.0,1386015599.0,0.5663509996325806,5000000000.0,0.156994264,-0.0092,0.11599999999999999,-0.0955,2018-03-12 20:49:12,2018-03-12 20:51:12
emercoin,Emercoin,EMC,87,3.99105,812061.0,165528542.0,0.004905866928979535,41474936.0,41474936.0,1.0,1.0,0,0.0175,0.0467,-0.0481,2018-03-12 20:49:03,2018-03-12 20:51:12
nxt,Nxt,NXT,88,0.164468,2265240.0,164303522.0,0.01378692296078717,998999942.0,998999942.0,1.0,1000000000.0,0.998999942,-0.0054,0.0605,-0.1605,2018-03-12 20:49:01,2018-03-12 20:51:12
bancor,Bancor,BNT,89,4.09459,6408010.0,162611850.0,0.039406783699957905,39713830.0,74267733.0,0.5347386865841186,1.0,0,0.0002,0.0513,-0.1834,2018-03-12 20:49:10,2018-03-12 20:51:12
nexus,Nexus,NXS,90,2.78887,2460390.0,156446564.0,0.015726711645773186,56096757.0,56096757.0,1.0,1.0,0,-0.009300000000000001,0.059699999999999996,-0.0753,2018-03-12 20:49:04,2018-03-12 20:51:12
iconomi,Iconomi,ICN,91,1.52609,969161.0,152205634.0,0.006367444979073508,99735687.0,99735687.0,1.0,1.0,0,-0.0062,0.0635,-0.1641,2018-03-12 20:49:07,2018-03-12 20:51:12
storj,Storj,STORJ,92,1.12983,7678700.0,150748124.0,0.05093728396911924,133425493.0,424999998.0,0.31394233794796395,1.0,0,-0.0146,0.0596,0.024900000000000002,2018-03-12 20:49:11,2018-03-12 20:51:12
singularitynet,SingularityNET,AGI,93,0.287353,379832.0,149914945.0,0.002533649997336823,521710040.0,1000000000.0,0.52171004,1.0,0,0.0031,0.0666,-0.2127,2018-03-12 20:49:19,2018-03-12 20:51:12
maidsafecoin,MaidSafeCoin,MAID,94,0.329226,831269.0,148992020.0,0.005579285387230806,452552412.0,452552412.0,1.0,1.0,0,-0.0048,0.11869999999999999,-0.174,2018-03-12 20:49:02,2018-03-12 20:51:12
tenx,TenX,PAY,95,1.40681,1716020.0,147238578.0,0.011654690117966231,104661310.0,205218256.0,0.5099999972711979,1.0,0,-0.0006,0.0757,-0.2563,2018-03-12 20:49:11,2018-03-12 20:51:12
request-network,Request Network,REQ,96,0.218382,2018850.0,144723279.0,0.013949725392830547,662706996.0,999999999.0,0.662706996662707,1.0,0,0.0001,0.0605,-0.2588,2018-03-12 20:49:14,2018-03-12 20:51:12
sirin-labs-token,SIRIN LABS Token,SRN,97,0.627534,11407500.0,143867208.0,0.07929187031974652,229258029.0,573145073.0,0.3999999996510482,1.0,0,-0.0076,0.06309999999999999,-0.0076,2018-03-12 20:49:17,2018-03-12 20:51:12
enigma-project,Enigma,ENG,98,1.88953,3293820.0,141405190.0,0.0232934873182519,74836171.0,150000000.0,0.4989078066666667,1.0,0,-0.0038,0.058499999999999996,-0.281,2018-03-12 20:49:15,2018-03-12 20:51:12
cindicator,Cindicator,CND,99,0.0936849,1495690.0,135466172.0,0.011041059018040311,1445976590.0,2000000005.0,0.7229882931925292,1.0,0,-0.0,0.0802,-0.3013,2018-03-12 20:49:14,2018-03-12 20:51:12
pillar,Pillar,PLR,100,0.594303,180354.0,135135469.0,0.0013346163026969626,227384800.0,800000000.0,0.284231,1.0,0,-0.011200000000000002,0.0507,-0.228,2018-03-12 20:49:11,2018-03-12 20:51:12
blocknet,Blocknet,BLOCK,101,26.1265,263489.0,131964874.0,0.001996660111235358,5050997.0,5050997.0,1.0,1.0,0,0.015600000000000001,0.0909,-0.3258,2018-03-12 20:49:03,2018-03-12 20:51:12
genesis-vision,Genesis Vision,GVT,102,34.0353,6072230.0,126842106.0,0.04787235241899878,3726781.0,4436644.0,0.8400000090158237,1.0,0,-0.0001,0.018799999999999997,-0.045899999999999996,2018-03-12 20:49:16,2018-03-12 20:51:12
bitcore,Bitcore,BTX,103,9.98152,1884500.0,123002588.0,0.015320815851451841,12323032.0,16849544.0,0.731357002895746,21000000.0,0.5868110476190476,-0.091,-0.10439999999999999,-0.222,2018-03-12 20:49:10,2018-03-12 20:51:12
monaco,Monaco,MCO,104,9.29603,20118800.0,122759117.0,0.16388843852632143,13205542.0,31587682.0,0.4180598627021761,1.0,0,-0.0417,0.2809,-0.0088,2018-03-12 20:49:11,2018-03-12 20:51:12
gnosis-gno,Gnosis,GNO,105,108.891,239798.0,120279910.0,0.0019936662739438366,1104590.0,10000000.0,0.110459,1.0,0,-0.0036,0.052000000000000005,-0.2402,2018-03-12 20:49:10,2018-03-12 20:51:12
vertcoin,Vertcoin,VTC,106,2.74919,963702.0,119039927.0,0.008095619883906682,43300000.0,43300000.0,1.0,84000000.0,0.5154761904761904,-0.0079,0.0787,-0.28059999999999996,2018-03-12 20:49:01,2018-03-12 20:51:12
storm,Storm,STORM,107,0.0288097,3021690.0,117679180.0,0.025677354311952207,4084706883.0,10000000000.0,0.4084706883,1.0,0,-0.0341,0.7389,0.0087,2018-03-12 20:49:17,2018-03-12 20:51:12
quantstamp,Quantstamp,QSP,108,0.187467,3218160.0,115726036.0,0.027808435432800965,617314171.0,976442388.0,0.6322074692644335,1.0,0,-0.0098,0.095,-0.1771,2018-03-12 20:49:16,2018-03-12 20:51:12
bitcoindark,BitcoinDark,BTCD,109,89.6158,75776.2,115502416.0,0.0006560572724296953,1288862.0,1288862.0,1.0,1.0,0,-0.0013,0.095,-0.18539999999999998,2018-03-12 20:49:03,2018-03-12 20:51:12
enjin-coin,Enjin Coin,ENJ,110,0.151463,3883490.0,114535190.0,0.03390652252814179,756192535.0,1000000000.0,0.756192535,1.0,0,0.0051,0.161,-0.1661,2018-03-12 20:49:15,2018-03-12 20:51:12
substratum,Substratum,SUB,111,0.505858,2682430.0,114370168.0,0.023453930748794562,226091449.0,352000000.0,0.6423052528409091,1.0,0,0.0197,0.2054,-0.0102,2018-03-12 20:49:13,2018-03-12 20:51:12
achain,Achain,ACT,112,0.245966,3784270.0,112303334.0,0.03369686246358456,456580723.0,1000000000.0,0.456580723,1000000000.0,0.456580723,0.005,0.1003,-0.30010000000000003,2018-03-12 20:49:14,2018-03-12 20:51:12
minexcoin,MinexCoin,MNX,113,32.0313,333059.0,110932303.0,0.0030023626211023494,3463247.0,5772953.0,0.5999090933184456,19000000.0,0.18227615789473683,0.0202,0.1007,0.1868,2018-03-12 20:49:15,2018-03-12 20:51:12
gamecredits,GameCredits,GAME,114,1.71157,496576.0,110148690.0,0.00450823337072824,64355352.0,64355352.0,1.0,84000000.0,0.7661351428571429,0.010700000000000001,0.0555,-0.2373,2018-03-12 20:49:03,2018-03-12 20:51:12
raiden-network-token,Raiden Network Token,RDN,115,2.18927,2645040.0,109833347.0,0.024082303528453884,50168936.0,100000000.0,0.50168936,1.0,0,-0.0006,0.0574,-0.20440000000000003,2018-03-12 20:49:15,2018-03-12 20:51:12
paypie,PayPie,PPP,116,1.31635,215186.0,108598875.0,0.0019814754066282917,82500000.0,165000000.0,0.5,165000000.0,0.5,0.0123,0.015700000000000002,0.10279999999999999,2018-03-12 20:49:14,2018-03-12 20:51:12
xpa,XPA,XPA,117,0.108367,27733.5,108367000.0,0.0002559220057766663,1000000000.0,10000000000.0,0.1,1.0,0,-0.0011,0.134,0.0866,2018-03-12 20:49:14,2018-03-12 20:51:12
metal,Metal,MTL,118,4.70979,9509710.0,104757335.0,0.09077846434333214,22242464.0,66588888.0,0.3340266622262862,1.0,0,0.056299999999999996,0.2502,-0.1408,2018-03-12 20:49:11,2018-03-12 20:51:12
civic,Civic,CVC,119,0.304541,3343750.0,104366190.0,0.03203863243450777,342699966.0,1000000000.0,0.342699966,1.0,0,-0.0018,0.07440000000000001,-0.1433,2018-03-12 20:49:11,2018-03-12 20:51:12
santiment,Santiment Network Token,SAN,120,1.66512,3505050.0,104337037.0,0.03359353591764351,62660371.0,83337000.0,0.7518913687797737,1.0,0,-0.0021,0.0902,-0.20980000000000001,2018-03-12 20:49:11,2018-03-12 20:51:12
theta-token,Theta Token,THETA,121,0.17661,19266900.0,103861468.0,0.18550575464617927,588083732.0,1000000000.0,0.588083732,1.0,0,-0.0141,-0.0015,-0.1635,2018-03-12 20:49:18,2018-03-12 20:51:12
rlc,iExec RLC,RLC,122,1.27064,1129210.0,101741153.0,0.011098852005343404,80070793.0,86999785.0,0.9203562169722603,1.0,0,-0.0024,0.0332,-0.0951,2018-03-12 20:49:10,2018-03-12 20:51:12
ignis,Ignis,IGNIS,123,0.132543,2135390.0,100884303.0,0.0211667220419811,761143950.0,999449694.0,0.7615630427117825,999449694.0,0.7615630427117825,-0.0154,0.0219,-0.2225,2018-03-12 20:49:17,2018-03-12 20:51:12
aragon,Aragon,ANT,124,3.71946,322016.0,99309644.0,0.0032425451046828846,26700017.0,39609524.0,0.6740807337144471,1.0,0,-0.0032,0.079,-0.2672,2018-03-12 20:49:10,2018-03-12 20:51:12
decentraland,Decentraland,MANA,125,0.093072,5591960.0,97738771.0,0.05721332428049458,1050141509.0,2644403343.0,0.39711850757556694,1.0,0,0.0378,0.1557,-0.1812,2018-03-12 20:49:13,2018-03-12 20:51:12
wax,WAX,WAX,126,0.192674,2520650.0,94979523.0,0.026538878280110968,492954537.0,1850000000.0,0.2664619118918919,1.0,0,0.0014000000000000002,0.06280000000000001,-0.3693,2018-03-12 20:49:17,2018-03-12 20:51:12
skycoin,Skycoin,SKY,127,12.0454,777363.0,92981984.0,0.008360361508311116,7719294.0,25000000.0,0.30877176,100000000.0,0.07719294,0.0079,0.0872,-0.2339,2018-03-12 20:49:09,2018-03-12 20:51:12
nav-coin,NavCoin,NAV,128,1.47707,458415.0,92399263.0,0.0049612408705034805,62555778.0,62555778.0,1.0,1.0,0,0.0018,0.106,-0.226,2018-03-12 20:49:03,2018-03-12 20:51:12
ubiq,Ubiq,UBQ,129,2.19568,194848.0,87710804.0,0.0022214823159071714,39946989.0,39946989.0,1.0,1.0,0,-0.0123,0.0739,-0.2429,2018-03-12 20:49:03,2018-03-12 20:51:12
dynamic-trading-rights,Dynamic Trading Rights,DTR,130,0.0730538,37532.1,86877694.0,0.00043201077597662755,1189228953.0,3750000000.0,0.3171277208,1.0,0,0.0123,0.1052,-0.1464,2018-03-12 20:49:17,2018-03-12 20:51:12
salus,SaluS,SLS,131,84.8807,9856120.0,85749065.0,0.11494142822431941,1010230.0,1010230.0,1.0,1.0,0,-0.0011,0.039599999999999996,0.2821,2018-03-12 20:49:06,2018-03-12 20:51:12
nuls,Nuls,NULS,132,3.57142,5394960.0,84160092.0,0.06410354209213555,23564882.0,40000000.0,0.58912205,1.0,0,-0.0028000000000000004,0.10189999999999999,0.0017000000000000001,2018-03-12 20:49:15,2018-03-12 20:51:12
digitalnote,DigitalNote,XDN,133,0.0120548,3035260.0,83143128.0,0.03650644464567174,6897097283.0,6897097283.0,1.0,1.0,0,0.0008,0.04769999999999999,-0.2824,2018-03-12 20:49:02,2018-03-12 20:51:12
zencash,ZenCash,ZEN,134,24.2215,1316420.0,82315859.0,0.015992301070441358,3398463.0,3398463.0,1.0,21000000.0,0.16183157142857144,-0.0167,0.0225,-0.36119999999999997,2018-03-12 20:49:10,2018-03-12 20:51:12
poet,Po.et,POE,135,0.0363546,1249100.0,81318477.0,0.01536059264858096,2236813969.0,3141592653.0,0.7120000000203718,1.0,0,0.0108,0.1047,-0.2949,2018-03-12 20:49:13,2018-03-12 20:51:12
spacechain,SpaceChain,SPC,136,0.157758,548888.0,81244062.0,0.0067560383674563195,514991707.0,1000000000.0,0.514991707,1.0,0,0.0393,0.2477,0.11539999999999999,2018-03-12 20:49:18,2018-03-12 20:51:12
arcblock,Arcblock,ABT,137,0.878634,42848300.0,81077461.0,0.5284859623317508,92276718.0,186000000.0,0.4961113870967742,1.0,0,-0.0026,0.049800000000000004,-0.2593,2018-03-12 20:49:20,2018-03-12 20:51:12
blockv,BLOCKv,VEE,138,0.0536745,535370.0,80241832.0,0.006671956343170231,1494971209.0,3646271241.0,0.410000000052108,1.0,0,-0.0092,0.08779999999999999,-0.2463,2018-03-12 20:49:16,2018-03-12 20:51:12
credits,Credits,CS,139,0.619528,2753170.0,80005777.0,0.03441214001333929,129139889.0,249471071.0,0.5176547664719009,1.0,0,-0.0027,-0.0176,0.0623,2018-03-12 20:49:20,2018-03-12 20:51:12
asch,Asch,XAS,140,0.814346,1597370.0,76023540.0,0.021011518274471303,93355331.0,114855331.0,0.8128079923429936,1.0,0,0.0,0.0163,-0.1886,2018-03-12 20:49:09,2018-03-12 20:51:12
pura,Pura,PURA,141,0.435631,323028.0,75388547.0,0.0042848418341316485,173055973.0,179838467.0,0.9622856326950341,350000000.0,0.49444563714285716,-0.0055000000000000005,-0.0603,-0.2778,2018-03-12 20:49:04,2018-03-12 20:51:12
high-performance-blockchain,High Performance Blockchain,HPB,142,3.30916,2997300.0,73518284.0,0.04076944995070886,22216600.0,100000000.0,0.222166,1.0,0,-0.0069,0.053200000000000004,-0.3075,2018-03-12 20:49:18,2018-03-12 20:51:12
oyster,Oyster,PRL,143,1.02108,903310.0,72769233.0,0.01241335057083809,71266926.0,98592692.0,0.7228418714847547,1.0,0,0.0024,0.17059999999999997,-0.2275,2018-03-12 20:49:16,2018-03-12 20:51:12
fusion,Fusion,FSN,144,2.61536,749241.0,72153075.0,0.010384048081110889,27588200.0,57344000.0,0.4811000279017857,1.0,0,0.0083,0.0919,-0.17850000000000002,2018-03-12 20:49:19,2018-03-12 20:51:12
adx-net,AdEx,ADX,145,0.97468,9259140.0,71571436.0,0.12936920812934366,73430701.0,100000000.0,0.73430701,100000000.0,0.73430701,-0.0005,0.086,-0.2525,2018-03-12 20:49:11,2018-03-12 20:51:12
sophiatx,SophiaTX,SPHTX,146,0.369678,102832.0,70887151.0,0.0014506437139785741,191753771.0,350000000.0,0.5478679171428571,1.0,0,-0.0052,0.0634,-0.2915,2018-03-12 20:49:17,2018-03-12 20:51:12
edgeless,Edgeless,EDG,147,0.859725,735689.0,70537235.0,0.01042979640469321,82046276.0,132046997.0,0.6213414758686258,1.0,0,-0.0064,0.12369999999999999,-0.1462,2018-03-12 20:49:09,2018-03-12 20:51:12
time-new-bank,Time New Bank,TNB,148,0.0308601,2841660.0,69793794.0,0.04071508134376532,2261619182.0,5541877892.0,0.40809617715770485,1.0,0,-0.0001,0.0747,-0.3614,2018-03-12 20:49:16,2018-03-12 20:51:12
ethlend,ETHLend,LEND,149,0.0637786,2603950.0,68908990.0,0.03778824794848974,1080440624.0,1299999942.0,0.8311082093879048,1.0,0,0.006,0.0818,-0.2691,2018-03-12 20:49:16,2018-03-12 20:51:12
bridgecoin,BridgeCoin,BCO,150,2.51296,20457.6,67849920.0,0.00030151251467945724,27000000.0,27000000.0,1.0,27000000.0,1.0,-0.0066,0.2445,-0.2225,2018-03-12 20:49:14,2018-03-12 20:51:12
medibloc,MediBloc,MED,151,0.0228479,1033660.0,67775647.0,0.015251200774224996,2966384100.0,4097545844.0,0.7239416501815714,10000000000.0,0.29663841,0.006500000000000001,0.10769999999999999,-0.3071,2018-03-12 20:49:17,2018-03-12 20:51:12
ion,ION,ION,152,3.30425,1043910.0,67127326.0,0.015551192967227684,20315450.0,26215450.0,0.7749418758785372,1.0,0,-0.0063,0.0924,-0.09300000000000001,2018-03-12 20:49:07,2018-03-12 20:51:12
c20,CRYPTO20,C20,153,1.6969,3343990.0,67035530.0,0.04988384517881786,39504702.0,40656082.0,0.9716800059582721,1.0,0,0.0014000000000000002,0.061500000000000006,-0.1537,2018-03-12 20:49:19,2018-03-12 20:51:12
poa-network,POA Network,POA,154,0.377752,2175190.0,66757300.0,0.03258355266015851,176722560.0,252193195.0,0.7007427777739998,1.0,0,0.0039000000000000003,0.1655,-0.17859999999999998,2018-03-12 20:49:20,2018-03-12 20:51:12
bluzelle,Bluzelle,BLZ,155,0.398804,4232270.0,65802660.0,0.06431761269225286,165000000.0,500000000.0,0.33,1.0,0,0.0013,0.1222,-0.22390000000000002,2018-03-12 20:49:19,2018-03-12 20:51:12
envion,Envion,EVN,156,0.608753,185757.0,65148632.0,0.0028512801312543293,107019812.0,127618703.0,0.8385903436113122,1.0,0,-0.020099999999999996,0.0253,-0.019299999999999998,2018-03-12 20:49:20,2018-03-12 20:51:12
bibox-token,Bibox Token,BIX,157,0.614417,6743590.0,64746075.0,0.10415442171591097,105378066.0,271520349.0,0.38810375129563496,1.0,0,0.0008,0.1565,-0.128,2018-03-12 20:49:17,2018-03-12 20:51:12
experience-points,Experience Points,XP,158,0.000292338,161613.0,64046876.0,0.002523354925226954,219085016385.0,254089285090.0,0.8622363446274357,1.0,0,0.0308,0.1384,-0.2555,2018-03-12 20:49:07,2018-03-12 20:51:12
telcoin,Telcoin,TEL,159,0.00237362,321562.0,63753954.0,0.005043796969831863,26859377001.0,100000000000.0,0.26859377001,1.0,0,-0.011200000000000002,0.0301,-0.2547,2018-03-12 20:49:18,2018-03-12 20:51:12
peercoin,Peercoin,PPC,160,2.56891,359540.0,63331468.0,0.0056771145743850435,24653051.0,24653051.0,1.0,1.0,0,-0.0025,0.08560000000000001,-0.1714,2018-03-12 20:49:00,2018-03-12 20:51:12
vibe,VIBE,VIBE,161,0.316136,4441590.0,63199983.0,0.07027834168879445,199913907.0,267000000.0,0.7487412247191011,1.0,0,-0.0034000000000000002,0.1801,-0.22210000000000002,2018-03-12 20:49:13,2018-03-12 20:51:12
dew,DEW,DEW,162,0.608436,107255.0,62817703.0,0.001707400858003356,103244553.0,200000000.0,0.516222765,1.0,0,0.0025,0.1134,-0.2772,2018-03-12 20:49:17,2018-03-12 20:51:12
jibrel-network,Jibrel Network,JNT,163,0.410655,7026140.0,61598250.0,0.11406395473897392,150000000.0,200000000.0,0.75,1.0,0,-0.004,0.2544,-0.1377,2018-03-12 20:49:19,2018-03-12 20:51:12
red-pulse,Red Pulse,RPX,164,0.112649,5390650.0,61207665.0,0.08807148581799355,543348500.0,1358371250.0,0.4,1.0,0,-0.0336,0.1441,-0.33759999999999996,2018-03-12 20:49:15,2018-03-12 20:51:12
amber,Ambrosus,AMB,165,0.421892,634979.0,61001776.0,0.010409188742308093,144590975.0,361477438.0,0.3999999994467151,1.0,0,0.0044,0.0732,-0.2591,2018-03-12 20:49:15,2018-03-12 20:51:12
bitbay,BitBay,BAY,166,0.0601,281252.0,60705621.0,0.0046330470781280695,1010076886.0,1010076886.0,1.0,1.0,0,-0.0058,0.1033,-0.2455,2018-03-12 20:49:04,2018-03-12 20:51:12
medishares,MediShares,MDS,167,0.125216,2203860.0,60543421.0,0.036401312704149966,483511857.0,2000000000.0,0.2417559285,1.0,0,-0.0013,0.045700000000000005,-0.4202,2018-03-12 20:49:16,2018-03-12 20:51:12
simple-token,Simple Token,OST,168,0.207444,1587010.0,59850862.0,0.026516075908814815,288515753.0,800000000.0,0.36064469125,1.0,0,-0.0066,0.040999999999999995,-0.3851,2018-03-12 20:49:17,2018-03-12 20:51:12
sonm,SONM,SNM,169,0.164513,1059730.0,59158875.0,0.017913288580961015,359600000.0,444000000.0,0.80990990990991,1.0,0,0.002,0.1243,-0.19949999999999998,2018-03-12 20:49:10,2018-03-12 20:51:12
spankchain,SpankChain,SPANK,170,0.197023,184781.0,59115448.0,0.003125765028457536,300043386.0,1000000000.0,0.300043386,1.0,0,-0.0032,0.1243,-0.2335,2018-03-12 20:49:17,2018-03-12 20:51:12
quantum-resistant-ledger,Quantum Resistant Ledger,QRL,171,1.10963,547470.0,57700760.0,0.009488089931571093,52000000.0,65000000.0,0.8,105000000.0,0.49523809523809526,-0.002,0.0902,-0.2525,2018-03-12 20:49:10,2018-03-12 20:51:12
feathercoin,Feathercoin,FTC,172,0.29394,1470630.0,57138468.0,0.0257380019359287,194388200.0,194388200.0,1.0,336000000.0,0.5785363095238095,0.0054,0.1112,0.054900000000000004,2018-03-12 20:49:00,2018-03-12 20:51:12
burst,Burst,BURST,173,0.0313864,634108.0,56506186.0,0.011221921791005325,1800339818.0,1800339818.0,1.0,2158812800.0,0.833949019572239,0.013000000000000001,0.08410000000000001,-0.2155,2018-03-12 20:49:04,2018-03-12 20:51:12
wings,Wings,WINGS,174,0.629705,2319740.0,56489786.0,0.04106476877076504,89708333.0,100000000.0,0.89708333,1.0,0,0.0001,0.06269999999999999,-0.223,2018-03-12 20:49:08,2018-03-12 20:51:12
ripio-credit-network,Ripio Credit Network,RCN,175,0.114012,3522630.0,55721428.0,0.06321858800890745,488733009.0,999942647.0,0.4887610409119794,1.0,0,0.0028000000000000004,0.1155,-0.2182,2018-03-12 20:49:15,2018-03-12 20:51:12
streamr-datacoin,Streamr DATAcoin,DATA,176,0.0821574,253392.0,55633254.0,0.00455468594377025,677154514.0,987154514.0,0.6859660816989386,1.0,0,-0.0078000000000000005,0.10400000000000001,-0.1318,2018-03-12 20:49:16,2018-03-12 20:51:12
eidoo,Eidoo,EDO,177,1.88832,713709.0,55255003.0,0.0129166403266687,29261461.0,90208328.0,0.3243764921571321,1.0,0,-0.0091,0.0738,-0.26170000000000004,2018-03-12 20:49:14,2018-03-12 20:51:12
melon,Melon,MLN,178,90.2619,332276.0,54102983.0,0.006141546760924439,599400.0,749400.0,0.799839871897518,1.0,0,0.0051,0.0088,-0.3066,2018-03-12 20:49:09,2018-03-12 20:51:12
wagerr,Wagerr,WGR,179,0.289588,22570.5,52994604.0,0.0004259018521961217,183000000.0,198360471.0,0.9225628426744359,200000000.0,0.915,-0.0013,0.07150000000000001,-0.22579999999999997,2018-03-12 20:49:11,2018-03-12 20:51:12
iot-chain,IoT Chain,ITC,180,1.06532,6400100.0,51777353.0,0.12360809560890454,48602629.0,100000000.0,0.48602629,1.0,0,-0.0125,0.0638,-0.42590000000000006,2018-03-12 20:49:17,2018-03-12 20:51:12
universa,Universa,UTNP,181,0.0299843,179971.0,50925012.0,0.003534039422514029,1698389232.0,4997891952.0,0.33982111824573513,1.0,0,-0.0001,0.07490000000000001,-0.217,2018-03-12 20:49:20,2018-03-12 20:51:12
singulardtv,SingularDTV,SNGLS,182,0.08474,630207.0,50844000.0,0.012394913854142082,600000000.0,1000000000.0,0.6,1.0,0,-0.0064,0.0761,-0.2309,2018-03-12 20:49:07,2018-03-12 20:51:12
origintrail,OriginTrail,TRAC,183,0.198573,365086.0,50538339.0,0.007223941412083211,254507606.0,500000000.0,0.509015212,1.0,0,-0.003,0.08710000000000001,-0.1133,2018-03-12 20:49:19,2018-03-12 20:51:12
ink,Ink,INK,184,0.108906,21022000.0,50522640.0,0.41609068726416515,463910527.0,1000000000.0,0.463910527,1000000000.0,0.463910527,0.0018,0.09949999999999999,-0.34149999999999997,2018-03-12 20:49:16,2018-03-12 20:51:12
utrust,UTRUST,UTK,185,0.176753,927155.0,50496084.0,0.018360928740533623,285687284.0,500000000.0,0.571374568,1.0,0,-0.0070999999999999995,0.07139999999999999,-0.196,2018-03-12 20:49:17,2018-03-12 20:51:12
einsteinium,Einsteinium,EMC2,186,0.233029,1513200.0,50476448.0,0.02997833761995297,216610154.0,216610154.0,1.0,1.0,0,0.0919,0.1465,-0.22870000000000001,2018-03-12 20:49:01,2018-03-12 20:51:12
deepbrain-chain,DeepBrain Chain,DBC,187,0.0560107,712443.0,50409630.0,0.014133073383002414,900000000.0,10000000000.0,0.09,10000000000.0,0.09,0.0034000000000000002,0.0802,-0.3069,2018-03-12 20:49:17,2018-03-12 20:51:12
bread,Bread,BRD,188,0.676502,1086630.0,50323901.0,0.021592721915576457,74388400.0,88862718.0,0.8371159657754336,1.0,0,-0.0134,0.0571,-0.1801,2018-03-12 20:49:17,2018-03-12 20:51:12
ins-ecosystem,INS Ecosystem,INS,189,1.76891,8620520.0,49674923.0,0.17353866859541986,28082222.0,50000000.0,0.56164444,1.0,0,-0.0031,0.1052,-0.1934,2018-03-12 20:49:17,2018-03-12 20:51:12
cloakcoin,CloakCoin,CLOAK,190,9.71921,523704.0,49598602.0,0.010558845993280214,5103152.0,5103152.0,1.0,1.0,0,0.0037,0.041299999999999996,-0.3943,2018-03-12 20:49:02,2018-03-12 20:51:12
xtrabytes,XTRABYTES,XBY,191,0.113404,130163.0,48763720.0,0.0026692590310993503,430000000.0,650000000.0,0.6615384615384615,650000000.0,0.6615384615384615,0.019,0.2389,-0.2493,2018-03-12 20:49:09,2018-03-12 20:51:12
mobilego,MobileGo,MGO,192,0.496418,193262.0,48663299.0,0.003971411802557816,98028877.0,100000000.0,0.98028877,1.0,0,-0.0003,0.0152,-0.2145,2018-03-12 20:49:10,2018-03-12 20:51:12
library-credit,LBRY Credits,LBC,193,0.315093,448162.0,48388473.0,0.009261751243937787,153568861.0,528468864.0,0.2905920697723452,1.0,0,-0.001,0.079,-0.34009999999999996,2018-03-12 20:49:07,2018-03-12 20:51:12
viacoin,Viacoin,VIA,194,2.04262,3440060.0,46974348.0,0.0732327354495692,22997106.0,22997106.0,1.0,23000000.0,0.9998741739130435,-0.0027,0.0236,-0.2248,2018-03-12 20:49:03,2018-03-12 20:51:12
smartmesh,SmartMesh,SMT,195,0.0329861,1806270.0,46633000.0,0.03873372933330474,1413716694.0,3141592653.0,0.4500000000477465,1.0,0,0.0032,0.0757,-0.3235,2018-03-12 20:49:17,2018-03-12 20:51:12
wabi,WaBi,WABI,196,1.03,1250040.0,46605474.0,0.02682174201253698,45248033.0,99218023.0,0.456046508808183,1.0,0,0.0015,0.10289999999999999,-0.2682,2018-03-12 20:49:17,2018-03-12 20:51:12
appcoins,AppCoins,APPC,197,0.465554,3142990.0,46580685.0,0.06747410434174594,100054312.0,246203093.0,0.4063893380900783,1.0,0,-0.0,0.1373,-0.3089,2018-03-12 20:49:18,2018-03-12 20:51:12
html-coin,HTMLCOIN,HTML,198,0.00070325,167528.0,46131911.0,0.0036314992457173517,65598167498.0,93965409004.0,0.6981097426522941,1.0,0,-0.047400000000000005,-0.0118,-0.2695,2018-03-12 20:49:17,2018-03-12 20:51:12
metaverse,Metaverse ETP,ETP,199,1.22335,1933620.0,45955087.0,0.042076299409464724,37564954.0,56964954.0,0.6594397320148806,100000000.0,0.37564954,0.0006,0.042199999999999994,-0.2498,2018-03-12 20:49:10,2018-03-12 20:51:12
counterparty,Counterparty,XCP,200,17.4585,284297.0,45689850.0,0.006222322901038195,2617055.0,2617055.0,1.0,1.0,0,0.06,0.1848,-0.2223,2018-03-12 20:49:01,2018-03-12 20:51:12
taas,TaaS,TAAS,201,5.6018,360366.0,45632267.0,0.007897175040635172,8146001.0,8146001.0,1.0,1.0,0,-0.0001,0.0873,-0.18969999999999998,2018-03-12 20:49:09,2018-03-12 20:51:12
wepower,WePower,WPR,202,0.125378,4490460.0,44596423.0,0.10069103524289381,355695760.0,745248183.0,0.47728497447406726,1.0,0,0.034300000000000004,0.026699999999999998,-0.2894,2018-03-12 20:49:19,2018-03-12 20:51:12
gulden,Gulden,NLG,203,0.112843,84148.0,44421798.0,0.0018942952286622888,393660200.0,465160200.0,0.8462895148811098,1.0,0,-0.001,0.0661,-0.2375,2018-03-12 20:49:01,2018-03-12 20:51:12
cybermiles,CyberMiles,CMT,204,0.0983812,3903000.0,43799090.0,0.08911144044316903,445197759.0,1000000000.0,0.445197759,1.0,0,0.0015,0.0812,-0.2501,2018-03-12 20:49:17,2018-03-12 20:51:12
refereum,Refereum,RFR,205,0.018749,2093560.0,43669366.0,0.04794115856868634,2329157067.0,5000000000.0,0.4658314134,1.0,0,0.0027,0.032799999999999996,0.008100000000000001,2018-03-12 20:49:20,2018-03-12 20:51:12
etherparty,Etherparty,FUEL,206,0.0898578,490792.0,43599656.0,0.011256786062715725,485207253.0,1000000000.0,0.485207253,1.0,0,0.0329,0.07400000000000001,-0.2556,2018-03-12 20:49:15,2018-03-12 20:51:12
delphy,Delphy,DPY,207,1.16,10578300.0,43067217.0,0.24562302226308239,37126912.0,100000000.0,0.37126912,1.0,0,-0.0054,0.0161,-0.39149999999999996,2018-03-12 20:49:15,2018-03-12 20:51:12
data,DATA,DTA,208,0.0100552,3647450.0,42778207.0,0.08526420941391957,4254336773.0,11500000000.0,0.36994232808695654,1.0,0,-0.005,0.0883,-0.4437,2018-03-12 20:49:19,2018-03-12 20:51:12
gifto,Gifto,GTO,209,0.270482,4128160.0,42698647.0,0.09668128360132816,157861327.0,1000000000.0,0.157861327,1.0,0,-0.0055000000000000005,0.0971,-0.2923,2018-03-12 20:49:17,2018-03-12 20:51:12
modum,Modum,MOD,210,2.27527,588771.0,41560537.0,0.014166587886003494,18266200.0,27266200.0,0.6699210010929283,27266200.0,0.6699210010929283,-0.0066,0.0308,-0.2266,2018-03-12 20:49:14,2018-03-12 20:51:12
district0x,district0x,DNT,211,0.0673012,1129230.0,40380720.0,0.027964583098072544,600000000.0,1000000000.0,0.6,1.0,0,-0.0044,0.1358,-0.2761,2018-03-12 20:49:12,2018-03-12 20:51:12
decision-token,Decision Token,HST,212,1.25295,189585.0,39842607.0,0.004758348267722541,31799040.0,48240070.0,0.6591831230758993,1.0,0,-0.028399999999999998,0.037000000000000005,-0.26289999999999997,2018-03-12 20:49:16,2018-03-12 20:51:12
aeon,Aeon,AEON,213,2.52145,52040.4,39306809.0,0.001323953821842928,15588970.0,15588970.0,1.0,1.0,0,-0.0104,0.0353,-0.3251,2018-03-12 20:49:05,2018-03-12 20:51:12
crown,Crown,CRW,214,2.22856,131968.0,39096314.0,0.003375458873181753,17543308.0,17543308.0,1.0,42000000.0,0.4176978095238095,-0.0192,0.19329999999999997,-0.1429,2018-03-12 20:49:03,2018-03-12 20:51:12
groestlcoin,Groestlcoin,GRS,215,0.559428,604825.0,38938935.0,0.015532653884858433,69604909.0,69604909.0,1.0,105000000.0,0.6629038952380952,0.0067,0.10490000000000001,-0.2159,2018-03-12 20:49:02,2018-03-12 20:51:12
trinity-network-credit,Trinity Network Credit,TNC,216,0.116223,3411330.0,38741000.0,0.0880547740120286,333333333.0,1000000000.0,0.333333333,1.0,0,-0.004699999999999999,0.0667,-0.2443,2018-03-12 20:49:19,2018-03-12 20:51:12
synereo,Synereo,AMP,217,0.384478,1020100.0,38727917.0,0.02634017212957774,100728564.0,622410799.0,0.16183614449144543,1.0,0,-0.0129,0.0593,-0.0833,2018-03-12 20:49:05,2018-03-12 20:51:12
mobius,Mobius,MOBI,218,0.101368,146848.0,38181018.0,0.0038460996508788738,376657502.0,887990859.0,0.4241682199568678,1.0,0,-0.011200000000000002,0.0521,-0.3555,2018-03-12 20:49:19,2018-03-12 20:51:12
attention-token-of-media,ATMChain,ATM,219,0.00814514,341907.0,37958678.0,0.009007347410781798,4660285460.0,10000000000.0,0.466028546,1.0,0,-0.0817,-0.09390000000000001,-0.0827,2018-03-12 20:49:14,2018-03-12 20:51:12
lunyr,Lunyr,LUN,220,16.4831,1463710.0,37875742.0,0.03864505149496477,2297853.0,2703356.0,0.8500001479642341,1.0,0,-0.0018,0.0818,-0.2188,2018-03-12 20:49:09,2018-03-12 20:51:12
kickico,KickCoin,KICK,221,0.0841529,595836.0,37435049.0,0.015916527850678118,444845623.0,477829002.0,0.9309724213851716,1.0,0,0.001,0.056600000000000004,0.1155,2018-03-12 20:49:15,2018-03-12 20:51:12
cobinhood,Cobinhood,COB,222,0.10396,341154.0,37253495.0,0.009157637424354412,358344512.0,1000000000.0,0.358344512,1.0,0,0.054000000000000006,0.0027,-0.39,2018-03-12 20:49:14,2018-03-12 20:51:12
indahash,indaHash,IDH,223,0.0929061,104694.0,37156518.0,0.002817648306011882,399936259.0,400000000.0,0.9998406475,1.0,0,0.022400000000000003,0.0669,0.0103,2018-03-12 20:49:19,2018-03-12 20:51:12
adtoken,adToken,ADT,224,0.0618836,1534150.0,37130160.0,0.0413181629166155,600000000.0,1000000000.0,0.6,1000000000.0,0.6,0.0002,0.11359999999999999,-0.2473,2018-03-12 20:49:11,2018-03-12 20:51:12
airswap,AirSwap,AST,225,0.240233,1696420.0,36034950.0,0.0470770737853112,150000000.0,500000000.0,0.3,1.0,0,-0.0031,0.09880000000000001,-0.46090000000000003,2018-03-12 20:49:14,2018-03-12 20:51:12
cpchain,CPChain,CPC,226,0.158422,3826510.0,35916779.0,0.10653822827486842,226715852.0,999999999.0,0.22671585222671586,1.0,0,0.0209,-0.0385,-0.3231,2018-03-12 20:49:19,2018-03-12 20:51:12
hive-project,Hive Project,HVN,227,0.0956191,110837.0,35857163.0,0.003091069976729615,375000000.0,500000000.0,0.75,1.0,0,0.0087,0.15259999999999999,-0.0506,2018-03-12 20:49:12,2018-03-12 20:51:12
naga,NAGA,NGC,228,0.618121,944326.0,35648483.0,0.02648993506960731,57672338.0,77910266.0,0.7402405480171252,1.0,0,-0.172,-0.1483,-0.325,2018-03-12 20:49:17,2018-03-12 20:51:12
cofound-it,Cofound.it,CFI,229,0.109411,2418510.0,35558575.0,0.06801481780414428,325000000.0,500000000.0,0.65,1.0,0,-0.0102,-0.0089,-0.1934,2018-03-12 20:49:11,2018-03-12 20:51:12
triggers,Triggers,TRIG,230,1.10688,6987590.0,35537022.0,0.1966284625650399,32105578.0,32105578.0,1.0,1.0,0,0.0212,0.3332,-0.23120000000000002,2018-03-12 20:49:08,2018-03-12 20:51:12
qlink,QLINK,QLC,231,0.147489,626474.0,35397360.0,0.0176983255248414,240000000.0,600000000.0,0.4,1.0,0,0.0064,0.2846,-0.1736,2018-03-12 20:49:17,2018-03-12 20:51:12
bottos,Bottos,BTO,232,0.0993005,717909.0,35293339.0,0.02034120376085697,355419546.0,1000000000.0,0.355419546,1.0,0,-0.018600000000000002,0.017,-0.3034,2018-03-12 20:49:18,2018-03-12 20:51:12
presearch,Presearch,PRE,233,0.227259,8756.92,35225145.0,0.0002485985508363415,155000000.0,170000000.0,0.9117647058823529,1000000000.0,0.155,-0.0029,0.1099,-0.0366,2018-03-12 20:49:16,2018-03-12 20:51:12
blockmason,BlockMason Credit Protocol,BCPT,234,0.774094,5930040.0,34962884.0,0.16960957797417398,45166200.0,116158667.0,0.38883194139960303,1.0,0,-0.0016,0.054900000000000004,-0.34,2018-03-12 20:49:14,2018-03-12 20:51:12
humaniq,Humaniq,HMQ,235,0.208485,505847.0,33954481.0,0.014897798025538957,162862944.0,184194944.0,0.884187917774768,920952070.0,0.176841932718605,-0.0395,0.109,-0.2253,2018-03-12 20:49:10,2018-03-12 20:51:12
decent,DECENT,DCT,236,0.656391,627533.0,33676855.0,0.018633954981841387,51306089.0,73197775.0,0.7009241606046085,1.0,0,-0.013600000000000001,0.0713,-0.2615,2018-03-12 20:49:08,2018-03-12 20:51:12
centra,Centra,CTR,237,0.495103,1443700.0,33667004.0,0.042881748551192735,68000000.0,98272765.0,0.6919516307493739,1.0,0,-0.0255,0.0815,-0.2992,2018-03-12 20:49:12,2018-03-12 20:51:12
tokencard,TokenCard,TKN,238,1.34832,230909.0,33413840.0,0.006910579568226819,24781832.0,39406760.0,0.6288726096740762,1.0,0,-0.0034999999999999996,0.0867,-0.17059999999999997,2018-03-12 20:49:10,2018-03-12 20:51:12
tierion,Tierion,TNT,239,0.077465,1222120.0,33192302.0,0.036819380590113936,428481269.0,1000000000.0,0.428481269,1.0,0,-0.006999999999999999,0.0731,-0.3134,2018-03-12 20:49:12,2018-03-12 20:51:12
flash,Flash,FLASH,240,0.0367957,18842.1,33116130.0,0.0005689704684695947,900000000.0,900000000.0,1.0,900000000.0,1.0,0.027999999999999997,0.2004,-0.24230000000000002,2018-03-12 20:49:10,2018-03-12 20:51:12
blox,Blox,CDT,241,0.0502921,457302.0,33000320.0,0.013857501987859512,656173039.0,1000000000.0,0.656173039,1.0,0,-0.0058,0.0915,-0.3037,2018-03-12 20:49:13,2018-03-12 20:51:12
viberate,Viberate,VIB,242,0.198815,3321250.0,32837571.0,0.10114176837257542,165166467.0,200000000.0,0.825832335,1.0,0,-0.0058,0.0665,-0.23850000000000002,2018-03-12 20:49:14,2018-03-12 20:51:12
unikoin-gold,Unikoin Gold,UKG,243,0.233598,559227.0,32809027.0,0.017044912669918557,140450804.0,1000000000.0,0.140450804,1.0,0,-0.0038,0.0144,-0.3617,2018-03-12 20:49:15,2018-03-12 20:51:12
zclassic,ZClassic,ZCL,244,9.25477,2209320.0,32390307.0,0.06820929483626073,3499850.0,3499850.0,1.0,21000000.0,0.1666595238095238,-0.0048,-0.0552,0.1492,2018-03-12 20:49:07,2018-03-12 20:51:12
unobtanium,Unobtanium,UNO,245,162.53,45570.6,32235721.0,0.0014136677755710815,198337.0,198337.0,1.0,1.0,0,0.0022,0.0824,-0.0513,2018-03-12 20:49:14,2018-03-12 20:51:12
medical-chain,Medicalchain,MTN,246,0.172798,15257600.0,31967630.0,0.47728280138377477,185000000.0,500000000.0,0.37,1.0,0,0.0022,0.0746,-0.2826,2018-03-12 20:49:20,2018-03-12 20:51:12
eccoin,ECC,ECC,247,0.00127635,34997.7,31908750.0,0.0010968057351040074,25000000000.0,25000000000.0,1.0,25000000000.0,1.0,0.0819,0.122,-0.2833,2018-03-12 20:49:01,2018-03-12 20:51:12
potcoin,PotCoin,POT,248,0.144925,189224.0,31816428.0,0.005947367818914179,219537192.0,219537192.0,1.0,420000000.0,0.5227076,-0.019299999999999998,0.19519999999999998,-0.19030000000000002,2018-03-12 20:49:01,2018-03-12 20:51:12
sibcoin,SIBCoin,SIB,249,1.92399,195884.0,31730187.0,0.00617342721617115,16491867.0,16491867.0,1.0,1.0,0,0.0055000000000000005,0.08070000000000001,-0.2072,2018-03-12 20:49:05,2018-03-12 20:51:12
shift,Shift,SHIFT,250,2.68151,362946.0,31665794.0,0.011461768493788597,11808941.0,11808941.0,1.0,1.0,0,-0.0005,0.13570000000000002,-0.304,2018-03-12 20:49:05,2018-03-12 20:51:12
bitcny,bitCNY,BITCNY,251,0.176544,23020700.0,31528640.0,0.730152014168705,178588000.0,178588000.0,1.0,1.0,0,-0.0108,0.0062,0.1082,2018-03-12 20:49:04,2018-03-12 20:51:12
crypterium,Crypterium,CRPT,252,0.430136,46783.0,31305976.0,0.0014943792201207846,72781577.0,99983577.0,0.7279353188174094,1.0,0,-0.0053,-0.058899999999999994,-0.2519,2018-03-12 20:49:18,2018-03-12 20:51:12
datum,Datum,DAT,253,0.0373252,1497670.0,31029765.0,0.04826559273007707,831335545.0,2653841598.0,0.3132574097966189,1.0,0,-0.02,0.0052,-0.1936,2018-03-12 20:49:17,2018-03-12 20:51:12
ucash,U.CASH,UCASH,254,0.0164397,126186.0,30325960.0,0.00416098946249352,1844678441.0,21000000000.0,0.08784183052380952,21000000000.0,0.08784183052380952,-0.0026,0.0026,-0.36869999999999997,2018-03-12 20:49:19,2018-03-12 20:51:12
namecoin,Namecoin,NMC,255,2.03806,222568.0,30033667.0,0.007410616892036527,14736400.0,14736400.0,1.0,1.0,0,-0.0018,0.0708,-0.2323,2018-03-12 20:49:00,2018-03-12 20:51:12
blockport,Blockport,BPT,256,0.562291,278160.0,29228411.0,0.009516767777762534,51980933.0,69434800.0,0.7486294048517458,1.0,0,0.0037,0.09789999999999999,-0.19920000000000002,2018-03-12 20:49:19,2018-03-12 20:51:12
soarcoin,Soarcoin,SOAR,257,0.0268957,39341.7,29073273.0,0.0013531912970376606,1080963623.0,5000000000.0,0.2161927246,5000000000.0,0.2161927246,0.0011,0.15810000000000002,-0.08439999999999999,2018-03-12 20:49:09,2018-03-12 20:51:12
safe-exchange-coin,Safe Exchange Coin,SAFEX,258,0.0186374,34912.5,28760445.0,0.0012139068084655853,1543157590.0,2147483647.0,0.7185887502127275,2147483647.0,0.7185887502127275,-0.0007000000000000001,0.038900000000000004,-0.29350000000000004,2018-03-12 20:49:06,2018-03-12 20:51:12
whitecoin,WhiteCoin,XWC,259,0.114108,97907.9,28388240.0,0.0034488893992723744,248783963.0,248783963.0,1.0,1.0,0,0.0032,0.094,-0.1643,2018-03-12 20:49:01,2018-03-12 20:51:12
steem-dollars,Steem Dollars,SBD,260,2.69164,3805770.0,28324051.0,0.13436531377520822,10522972.0,10522972.0,1.0,1.0,0,0.0218,0.12119999999999999,-0.2514,2018-03-12 20:49:07,2018-03-12 20:51:12
pepe-cash,Pepe Cash,PEPECASH,261,0.0401756,106751.0,28198611.0,0.0037856829189210775,701884009.0,701884009.0,1.0,1.0,0,-0.0192,-0.0086,-0.23600000000000002,2018-03-12 20:49:08,2018-03-12 20:51:12
everex,Everex,EVX,262,1.70435,1573550.0,28121775.0,0.05595486060179345,16500000.0,25000000.0,0.66,1.0,0,-0.0074,0.0575,-0.2228,2018-03-12 20:49:14,2018-03-12 20:51:12
iocoin,I/O Coin,IOC,263,1.69035,15780.6,28035706.0,0.0005628750708114859,16585740.0,16585740.0,1.0,1.0,0,0.0087,0.15,-0.3378,2018-03-12 20:49:03,2018-03-12 20:51:12
zeepin,Zeepin,ZPT,264,0.0950213,328210.0,27919897.0,0.011755415859879426,293827778.0,1000000000.0,0.293827778,1.0,0,-0.0174,-0.012199999999999999,-0.21309999999999998,2018-03-12 20:49:19,2018-03-12 20:51:12
voxels,Voxels,VOX,265,0.132119,2391320.0,27744990.0,0.08618925434826251,210000000.0,210000000.0,1.0,210000000.0,1.0,-0.0016,0.155,-0.1465,2018-03-12 20:49:06,2018-03-12 20:51:12
bean-cash,Bean Cash,BITB,266,0.0113828,1188230.0,27388212.0,0.04338472332549492,2406105000.0,2406105000.0,1.0,50000000000.0,0.0481221,-0.0038,0.0722,-0.2389,2018-03-12 20:49:04,2018-03-12 20:51:12
mercury,Mercury,MER,267,0.273276,844105.0,27327600.0,0.030888369267700055,100000000.0,100000000.0,1.0,1.0,0,0.0415,0.1386,-0.2194,2018-03-12 20:49:09,2018-03-12 20:51:12
tao,Tao,XTO,268,0.829033,1591.88,27214559.0,5.849369082188692e-05,32826871.0,32826871.0,1.0,1.0,0,-0.0003,0.3107,-0.41159999999999997,2018-03-12 20:49:07,2018-03-12 20:51:12
leocoin,LEOcoin,LEO,269,0.273223,7389.6,27150152.0,0.0002721752717995833,99369937.0,107727355.0,0.9224206516534263,1000000000.0,0.099369937,0.0045000000000000005,0.0824,-0.0319,2018-03-12 20:49:05,2018-03-12 20:51:12
nimiq,Nimiq,NET,270,2.58109,240652.0,27101445.0,0.008879674128076935,10500000.0,10500000.0,1.0,1.0,0,-0.0006,0.0647,-0.3073,2018-03-12 20:49:11,2018-03-12 20:51:12
numeraire,Numeraire,NMR,271,21.0066,454740.0,27019874.0,0.016829834217583692,1286256.0,2286256.0,0.5626036629318851,21000000.0,0.061250285714285715,0.0044,0.0353,-0.3178,2018-03-12 20:49:10,2018-03-12 20:51:12
zap,Zap,ZAP,272,0.248698,35825.4,26893059.0,0.0013321429890143773,108135403.0,520000000.0,0.20795269807692307,1.0,0,-0.0018,0.11939999999999999,-0.1775,2018-03-12 20:49:18,2018-03-12 20:51:12
ormeus-coin,Ormeus Coin,ORME,273,1.56848,1211360.0,26710150.0,0.04535204781702836,17029321.0,200000000.0,0.085146605,1.0,0,-0.0063,0.0203,0.1623,2018-03-12 20:49:13,2018-03-12 20:51:12
colossuscoinxt,ColossusCoinXT,COLX,274,0.00246067,25710.5,26390043.0,0.0009742500230105726,10724738924.0,10784272304.0,0.9944796108330909,1.0,0,0.0072,0.0906,-0.303,2018-03-12 20:49:14,2018-03-12 20:51:12
swarm-fund,Swarm,SWM,275,0.515005,18137.8,26323634.0,0.0006890310053695474,51113355.0,100000000.0,0.51113355,1.0,0,-0.0449,-0.2024,-0.19469999999999998,2018-03-12 20:49:20,2018-03-12 20:51:12
diamond,Diamond,DMD,276,9.68984,29339.8,26029537.0,0.0011271733338937223,2686271.0,2686271.0,1.0,4380000.0,0.6133038812785389,-0.0129,0.050199999999999995,-0.2846,2018-03-12 20:49:01,2018-03-12 20:51:12
dimecoin,Dimecoin,DIME,277,4.79719e-05,24905.6,25861495.0,0.0009630379063546016,539096740560.0,539096740560.0,1.0,1.0,0,0.0206,0.0967,-0.2173,2018-03-12 20:49:01,2018-03-12 20:51:12
lykke,Lykke,LKK,278,0.0923352,11405.9,25659365.0,0.0004445121693385631,277893647.0,1285690000.0,0.21614358593440097,1.0,0,-0.003,0.0086,-0.2433,2018-03-12 20:49:08,2018-03-12 20:51:12
agrello-delta,Agrello,DLT,279,0.296709,20836600.0,25510705.0,0.8167786817338055,85978873.0,130271020.0,0.6599999984647391,1.0,0,-0.0084,0.4646,-0.0553,2018-03-12 20:49:13,2018-03-12 20:51:12
spectre-dividend,Spectre.ai Dividend Token,SXDT,280,0.309693,193757.0,25417594.0,0.007622948104372113,82073519.0,140270691.0,0.5851081107171562,1.0,0,-0.1048,-0.0819,-0.2566,2018-03-12 20:49:18,2018-03-12 20:51:12
deeponion,DeepOnion,ONION,281,2.2482,71696.6,25380406.0,0.002824879948728953,11289212.0,19752540.0,0.5715321675085837,25000000.0,0.45156848,0.0183,0.0635,-0.3151,2018-03-12 20:49:13,2018-03-12 20:51:12
internet-node-token,Internet Node Token,INT,282,0.16765,774679.0,25147500.0,0.030805408092255692,150000000.0,1000000000.0,0.15,1.0,0,-0.0044,0.0662,-0.282,2018-03-12 20:49:18,2018-03-12 20:51:12
vericoin,VeriCoin,VRC,283,0.811532,414118.0,25043587.0,0.016535890006491482,30859642.0,30859642.0,1.0,1.0,0,-0.0222,0.0455,-0.3141,2018-03-12 20:49:03,2018-03-12 20:51:12
monetha,Monetha,MTH,284,0.114366,402425.0,24820849.0,0.016213184327417647,217029968.0,402400000.0,0.5393388866799205,1.0,0,-0.001,0.0886,-0.193,2018-03-12 20:49:13,2018-03-12 20:51:12
blackcoin,BlackCoin,BLK,285,0.321355,318473.0,24653364.0,0.0129180342285134,76716914.0,76716914.0,1.0,1.0,0,-0.0025,0.059800000000000006,-0.221,2018-03-12 20:49:02,2018-03-12 20:51:12
grid,Grid+,GRID,286,0.620672,22167.6,24352991.0,0.0009102619058168255,39236491.0,300000000.0,0.13078830333333333,1.0,0,-0.0018,0.0392,-0.155,2018-03-12 20:49:15,2018-03-12 20:51:12
suncontract,SunContract,SNC,287,0.211534,3718320.0,24352892.0,0.15268494600148516,115125192.0,122707503.0,0.9382082528400891,1.0,0,-0.0002,0.0652,-0.2663,2018-03-12 20:49:11,2018-03-12 20:51:12
coss,COSS,COSS,288,0.372672,908204.0,24241268.0,0.03746520190280475,65047195.0,104000000.0,0.625453798076923,200000000.0,0.325235975,0.0063,0.0684,-0.33490000000000003,2018-03-12 20:49:13,2018-03-12 20:51:12
aeron,Aeron,ARN,289,1.83521,1490250.0,23857730.0,0.06246403157383372,13000000.0,20000000.0,0.65,1.0,0,-0.0166,0.1392,-0.2348,2018-03-12 20:49:15,2018-03-12 20:51:12
cappasity,Cappasity,CAPP,290,0.0721001,81082.6,23792463.0,0.003407911152367874,329992098.0,438686537.0,0.7522275478447153,1.0,0,-0.0043,0.0363,-0.32770000000000005,2018-03-12 20:49:16,2018-03-12 20:51:12
bitconnect,BitConnect,BCC,291,2.5296,25869.7,23553472.0,0.0010983391323368377,9311145.0,10037977.0,0.9275917846793234,28000000.0,0.33254089285714283,0.0911,0.2348,-0.0062,2018-03-12 20:49:08,2018-03-12 20:51:12
dadi,DADI,DADI,292,0.311478,975897.0,23399237.0,0.04170635991250484,75123240.0,100000000.0,0.7512324,1.0,0,-0.0025,0.019299999999999998,-0.2844,2018-03-12 20:49:20,2018-03-12 20:51:12
stk,STK,STK,293,0.0703235,1897330.0,23389560.0,0.08111867003911147,332599492.0,500000000.0,0.665198984,1.0,0,0.0013,0.048,-0.429,2018-03-12 20:49:19,2018-03-12 20:51:12
linkeye,LinkEye,LET,294,0.0384328,3727760.0,23059680.0,0.16165705681952222,600000000.0,1000000000.0,0.6,1.0,0,-0.0025,0.06570000000000001,-0.3586,2018-03-12 20:49:19,2018-03-12 20:51:12
swissborg,SwissBorg,CHSB,295,0.0399966,268031.0,23030888.0,0.011637892555423829,575821133.0,1000000000.0,0.575821133,1.0,0,0.0097,0.0622,-0.068,2018-03-12 20:49:19,2018-03-12 20:51:12
lamden,Lamden,TAU,296,0.160854,220352.0,22875969.0,0.009632466279351926,142215728.0,288090567.0,0.49364937380959095,1.0,0,0.013999999999999999,0.1704,-0.22920000000000001,2018-03-12 20:49:17,2018-03-12 20:51:12
trust,WeTrust,TRST,297,0.246468,289934.0,22711410.0,0.012766006161660593,92147500.0,100000000.0,0.921475,100000000.0,0.921475,-0.006,0.0662,-0.3272,2018-03-12 20:49:09,2018-03-12 20:51:12
faircoin,FairCoin,FAIR,298,0.426873,10834.3,22707010.0,0.00047713459411873244,53193831.0,53193831.0,1.0,1.0,0,0.009300000000000001,0.0394,-0.2967,2018-03-12 20:49:04,2018-03-12 20:51:12
odyssey,Odyssey,OCN,299,0.0113194,2182710.0,22638800.0,0.09641456260932559,2000000000.0,10000000000.0,0.2,1.0,0,-0.0058,0.0323,-0.4045,2018-03-12 20:49:19,2018-03-12 20:51:12
bloomtoken,Bloom,BLT,300,0.570255,2471600.0,22523116.0,0.10973614840859497,39496569.0,150000000.0,0.26331046,1.0,0,-0.0101,-0.024,-0.3679,2018-03-12 20:49:17,2018-03-12 20:51:12
blackmoon,Blackmoon,BMC,301,1.06177,830840.0,22402427.0,0.03708705311259356,21099133.0,60000000.0,0.3516522166666667,1.0,0,0.0327,0.08259999999999999,0.0051,2018-03-12 20:49:13,2018-03-12 20:51:12
mooncoin,Mooncoin,MOON,302,0.000100025,15262.0,22377465.0,0.0006820254215569101,223718722727.0,223718722727.0,1.0,1.0,0,-0.0017000000000000001,-0.1036,-0.3553,2018-03-12 20:49:01,2018-03-12 20:51:12
mothership,Mothership,MSP,303,0.159766,43724.2,22367240.0,0.001954832156314324,140000000.0,200000000.0,0.7,1.0,0,0.0014000000000000002,0.0269,-0.2571,2018-03-12 20:49:12,2018-03-12 20:51:12
uquid-coin,Uquid Coin,UQC,304,2.20841,78425.7,22084100.0,0.003551229164874276,10000000.0,40000000.0,0.25,1.0,0,-0.003,0.0315,-0.1336,2018-03-12 20:49:17,2018-03-12 20:51:12
zeusshield,Zeusshield,ZSC,305,0.0191047,43955.6,22030982.0,0.0019951720717669326,1153170765.0,5642500000.0,0.20437231103234382,1.0,0,-0.0067,0.0104,-0.2736,2018-03-12 20:49:14,2018-03-12 20:51:12
mintcoin,Mintcoin,MINT,306,0.000881908,66016.2,22001189.0,0.0030005741962400305,24947260808.0,24947260808.0,1.0,1.0,0,0.0001,0.14800000000000002,-0.2145,2018-03-12 20:49:01,2018-03-12 20:51:12
elastic,Elastic,XEL,307,0.245403,153958.0,21980777.0,0.007004210997636708,89570123.0,100000000.0,0.89570123,1.0,0,-0.0143,0.0817,-0.3079,2018-03-12 20:49:10,2018-03-12 20:51:12
yoyow,YOYOW,YOYOW,308,0.0875272,898844.0,21881800.0,0.04107724227440156,249999999.0,300000000.0,0.83333333,1000000000.0,0.249999999,0.0004,0.0886,-0.2898,2018-03-12 20:49:13,2018-03-12 20:51:12
newyorkcoin,NewYorkCoin,NYC,309,0.00016542,19425.0,21866119.0,0.0008883606642770031,132185463284.0,132185463284.0,1.0,132185463284.0,1.0,-0.0149,0.32630000000000003,-0.0885,2018-03-12 20:49:02,2018-03-12 20:51:12
selfkey,Selfkey,KEY,310,0.0115326,119097.0,21765186.0,0.005471903617088317,1887274879.0,5999999954.0,0.31454581557818456,1.0,0,0.0138,0.08439999999999999,-0.1448,2018-03-12 20:49:18,2018-03-12 20:51:12
qunqun,QunQun,QUN,311,0.0376583,4004160.0,21670236.0,0.1847769447457794,575443822.0,1500000000.0,0.38362921466666666,1.0,0,-0.0091,0.1104,-0.29719999999999996,2018-03-12 20:49:18,2018-03-12 20:51:12
iht-real-estate-protocol,IHT Real Estate Protocol,IHT,312,0.0967991,880975.0,21654659.0,0.04068293109579791,223707235.0,1000000000.0,0.223707235,1.0,0,0.026600000000000002,0.0855,-0.1999,2018-03-12 20:49:20,2018-03-12 20:51:12
guppy,Matchpool,GUP,313,0.288525,4613290.0,21639375.0,0.21318961384051063,75000000.0,98855150.0,0.7586858145478511,1.0,0,-0.0346,0.053099999999999994,-0.26780000000000004,2018-03-12 20:49:09,2018-03-12 20:51:12
blocktix,Blocktix,TIX,314,0.540044,4399560.0,21601760.0,0.20366673826577095,40000000.0,62500000.0,0.64,1.0,0,0.0134,0.1716,-0.2138,2018-03-12 20:49:12,2018-03-12 20:51:12
dai,Dai,DAI,315,1.00366,3688860.0,21581526.0,0.17092674540252623,21502826.0,21502826.0,1.0,1.0,0,0.0009,-0.0053,0.0034000000000000002,2018-03-12 20:49:17,2018-03-12 20:51:12
nolimitcoin,NoLimitCoin,NLC2,316,0.104053,77386.9,21393643.0,0.003617284816802823,205603330.0,205603330.0,1.0,1.0,0,0.0109,0.1026,-0.287,2018-03-12 20:49:07,2018-03-12 20:51:12
energo,Energo,TSL,317,0.0365238,908370.0,21257912.0,0.04273091355350422,582029029.0,1000000000.0,0.582029029,1.0,0,0.013999999999999999,0.09449999999999999,-0.18719999999999998,2018-03-12 20:49:16,2018-03-12 20:51:12
gridcoin,GridCoin,GRC,318,0.0534294,23849.3,20854176.0,0.0011436222653918332,390312753.0,390312753.0,1.0,1.0,0,0.0055000000000000005,0.0943,-0.19870000000000002,2018-03-12 20:49:05,2018-03-12 20:51:12
zoin,Zoin,ZOI,319,1.19739,38922.5,20717811.0,0.001878697512975671,17302475.0,17302475.0,1.0,21000000.0,0.8239273809523809,-0.0265,0.057300000000000004,-0.2541,2018-03-12 20:49:08,2018-03-12 20:51:12
hi-mutual-society,Hi Mutual Society,HMC,320,0.0513205,411480.0,20712954.0,0.019865828891427077,403600000.0,1000000000.0,0.4036,1.0,0,-0.0011,0.0288,-0.26739999999999997,2018-03-12 20:49:19,2018-03-12 20:51:12
expanse,Expanse,EXP,321,2.59704,367402.0,20533228.0,0.01789304633445847,7906397.0,16906397.0,0.4676571241051538,1.0,0,-0.0146,0.0554,-0.3106,2018-03-12 20:49:05,2018-03-12 20:51:12
trade-token,Trade Token,TIO,322,0.241475,321716.0,20352850.0,0.015806926302704534,84285536.0,223534823.0,0.3770577437055523,1.0,0,-0.0019,0.0192,-0.17489999999999997,2018-03-12 20:49:18,2018-03-12 20:51:12
paragon,Paragon,PRG,323,0.31268,133425.0,20304379.0,0.006571242587621123,64936609.0,164936609.0,0.3937064633116108,1.0,0,-0.0022,0.1336,0.239,2018-03-12 20:49:14,2018-03-12 20:51:12
moeda-loyalty-points,Moeda Loyalty Points,MDA,324,1.03218,284694.0,20260546.0,0.014051645005026024,19628888.0,19628888.0,1.0,1.0,0,-0.013999999999999999,0.0455,-0.1857,2018-03-12 20:49:13,2018-03-12 20:51:12
pascal-coin,Pascal Coin,PASC,325,1.087,38062.8,20239940.0,0.00188057869736768,18620000.0,18620000.0,1.0,1.0,0,-0.0078000000000000005,0.0788,-0.2173,2018-03-12 20:49:08,2018-03-12 20:51:12
game,Game.com,GTC,326,0.0671753,1446730.0,20152590.0,0.07178878744617938,300000000.0,2000000000.0,0.15,1.0,0,-0.0161,0.0355,-0.2073,2018-03-12 20:49:17,2018-03-12 20:51:12
swftcoin,SwftCoin,SWFTC,327,0.0115059,7484820.0,20135325.0,0.3717258102364874,1750000000.0,10000000000.0,0.175,1.0,0,-0.019299999999999998,0.0665,-0.2804,2018-03-12 20:49:17,2018-03-12 20:51:12
maecenas,Maecenas,ART,328,0.66723,1067.76,20117085.0,5.307727237818004e-05,30150150.0,100000000.0,0.3015015,1.0,0,-0.0002,0.1772,-0.3762,2018-03-12 20:49:15,2018-03-12 20:51:12
qbao,Qbao,QBT,329,0.307817,2898610.0,20116273.0,0.14409279492279709,65351403.0,100000000.0,0.65351403,1.0,0,-0.0397,0.039900000000000005,-0.25670000000000004,2018-03-12 20:49:16,2018-03-12 20:51:12
b2bx,B2BX,B2B,330,1.21571,281093.0,19984959.0,0.014065227754532797,16438919.0,19822337.0,0.82931286053708,1.0,0,0.3122,0.3864,0.43670000000000003,2018-03-12 20:49:16,2018-03-12 20:51:12
omni,Omni,OMNI,331,35.386,2418230.0,19841469.0,0.121877568641717,560715.0,617031.0,0.9087306796579102,1.0,0,-0.006,0.1094,-0.2041,2018-03-12 20:49:01,2018-03-12 20:51:12
hempcoin,HempCoin,THC,332,0.0853662,103490.0,19675096.0,0.005259948922231434,230478760.0,230478760.0,1.0,1.0,0,0.0037,0.13970000000000002,-0.2534,2018-03-12 20:49:03,2018-03-12 20:51:12
icos,ICOS,ICOS,333,34.3817,28509.6,19451968.0,0.0014656409058456193,565765.0,591617.0,0.9563028107711576,1.0,0,-0.0005,0.1637,-0.08990000000000001,2018-03-12 20:49:15,2018-03-12 20:51:12
propy,Propy,PRO,334,1.1106,6461150.0,19354193.0,0.33383722069941124,17426790.0,100000000.0,0.1742679,1.0,0,0.002,0.020099999999999996,-0.1242,2018-03-12 20:49:14,2018-03-12 20:51:12
latoken,LATOKEN,LA,335,0.245465,223656.0,19106849.0,0.011705540772316775,77839404.0,400000000.0,0.19459851,1000000000.0,0.077839404,-0.0067,0.0645,-0.1873,2018-03-12 20:49:15,2018-03-12 20:51:12
oax,OAX,OAX,336,0.76269,2832250.0,19074305.0,0.14848509552510564,25009250.0,100000000.0,0.2500925,1.0,0,-0.027999999999999997,0.235,-0.172,2018-03-12 20:49:11,2018-03-12 20:51:12
encrypgen,EncrypGen,DNA,337,0.305053,60055.4,18894929.0,0.0031783871746752794,61939825.0,70978386.0,0.8726575580346388,1.0,0,0.0017000000000000001,0.051,-0.09720000000000001,2018-03-12 20:49:16,2018-03-12 20:51:12
electra,Electra,ECA,338,0.000795428,81665.3,18772657.0,0.004350225969611015,23600698852.0,24467855405.0,0.9645593559939546,30000000000.0,0.7866899617333334,-0.0364,0.0842,-0.1859,2018-03-12 20:49:10,2018-03-12 20:51:12
aurora-dao,Aurora DAO,AURA,339,0.183848,30127.2,18735494.0,0.0016080280562658237,101907520.0,1000000000.0,0.10190752,1.0,0,-0.0717,-0.0533,-0.3467,2018-03-12 20:49:19,2018-03-12 20:51:12
alqo,ALQO,ALQO,340,0.608698,106575.0,18640171.0,0.00571749046722801,30623020.0,30723021.0,0.9967450792029859,57879300.0,0.5290841457999664,0.015700000000000002,0.0653,-0.2594,2018-03-12 20:49:16,2018-03-12 20:51:12
firstblood,FirstBlood,1ST,341,0.216797,363736.0,18548798.0,0.019609680368506896,85558371.0,93468691.0,0.915369307996407,1.0,0,-0.0058,0.0774,-0.3848,2018-03-12 20:49:07,2018-03-12 20:51:12
primecoin,Primecoin,XPM,342,0.811869,182478.0,18538314.0,0.009843289956141643,22834120.0,22834120.0,1.0,1.0,0,-0.0075,0.077,-0.1625,2018-03-12 20:49:00,2018-03-12 20:51:12
true-chain,True Chain,TRUE,343,0.735767,7315760.0,18394175.0,0.39772156130949066,25000000.0,100000000.0,0.25,1.0,0,-0.019,0.022799999999999997,-0.2048,2018-03-12 20:49:19,2018-03-12 20:51:12
radium,Radium,RADS,344,5.29069,322107.0,18319669.0,0.017582577501809665,3462624.0,3462624.0,1.0,1.0,0,-0.0098,0.023799999999999998,-0.2394,2018-03-12 20:49:05,2018-03-12 20:51:12
e-dinar-coin,E-Dinar Coin,EDR,345,0.0206545,36453.5,18304265.0,0.0019915303892289586,886211988.0,1011211988.0,0.8763859591427233,999999999999999.0,8.862119880000009e-07,-0.0002,0.102,-0.1293,2018-03-12 20:49:07,2018-03-12 20:51:12
all-sports,All Sports,SOC,346,0.0413554,775155.0,18194369.0,0.042604115592027404,439951480.0,1500000000.0,0.29330098666666665,1.0,0,-0.0018,0.0977,-0.43689999999999996,2018-03-12 20:49:19,2018-03-12 20:51:12
waves-community-token,Waves Community Token,WCT,347,1.82248,27466.3,18169391.0,0.001511679725534004,9969597.0,10000000.0,0.9969597,1.0,0,-0.0021,0.08539999999999999,-0.2032,2018-03-12 20:49:09,2018-03-12 20:51:12
insurepal,InsurePal,IPL,348,0.0900629,14657.5,18102643.0,0.0008096883974345625,201000000.0,300000000.0,0.67,1.0,0,-0.0007000000000000001,0.0812,-0.13970000000000002,2018-03-12 20:49:18,2018-03-12 20:51:12
restart-energy-mwat,Restart Energy MWAT,MWAT,349,0.0435409,170609.0,17982392.0,0.009487558718550903,413000000.0,470000000.0,0.8787234042553191,500000000.0,0.826,0.0102,0.0909,-0.2751,2018-03-12 20:49:20,2018-03-12 20:51:12
carvertical,carVertical,CV,350,0.00341817,129081.0,17960424.0,0.007186968414554133,5254397528.0,9931143978.0,0.5290828065366711,1.0,0,-0.016200000000000003,0.0594,-0.2475,2018-03-12 20:49:18,2018-03-12 20:51:12
posw-coin,PoSW Coin,POSW,351,0.405301,85710.0,17873774.0,0.0047952939317684115,44100000.0,70000000.0,0.63,1.0,0,-0.0109,-0.09380000000000001,-0.15410000000000001,2018-03-12 20:49:08,2018-03-12 20:51:12
covesting,Covesting,COV,352,1.01356,80496.7,17737300.0,0.004538272454093915,17500000.0,20000000.0,0.875,1.0,0,-0.0074,0.0305,-0.2607,2018-03-12 20:49:18,2018-03-12 20:51:12
solarcoin,SolarCoin,SLR,353,0.422699,60924.5,17723287.0,0.003437539548956128,41928859.0,98034382598.0,0.000427695446116426,1.0,0,-0.0032,0.1318,-0.2184,2018-03-12 20:49:02,2018-03-12 20:51:12
canyacoin,CanYaCoin,CAN,354,0.442775,226194.0,17552861.0,0.012886446260811842,39642845.0,95827000.0,0.4136918091978252,1.0,0,-0.0323,0.1115,-0.2736,2018-03-12 20:49:18,2018-03-12 20:51:12
domraider,DomRaider,DRT,355,0.0295299,93639.4,17466936.0,0.005360951686088505,591500000.0,1300000000.0,0.455,1.0,0,-0.0027,0.048600000000000004,-0.1482,2018-03-12 20:49:14,2018-03-12 20:51:12
rivetz,Rivetz,RVT,356,0.650597,4931.26,17074572.0,0.0002888072392092757,26244468.0,200000000.0,0.13122234,1.0,0,0.0682,0.1349,-0.1636,2018-03-12 20:49:14,2018-03-12 20:51:12
fedoracoin,FedoraCoin,TIPS,357,3.81004e-05,2878.52,16884885.0,0.00017047910009455202,443168182458.0,443168182458.0,1.0,1.0,0,0.1441,0.19140000000000001,0.1137,2018-03-12 20:49:01,2018-03-12 20:51:12
neumark,Neumark,NEU,358,0.584591,140068.0,16793739.0,0.008340489274008605,28727331.0,53020035.0,0.5418202949130456,1500000000.0,0.019151554,-0.0017000000000000001,0.1508,-0.13720000000000002,2018-03-12 20:49:17,2018-03-12 20:51:12
divi,Divi,DIVX,359,3.25167,65764.6,16724011.0,0.003932346133950762,5143207.0,6171607.0,0.833365928841548,1.0,0,-0.0001,0.0424,-0.08410000000000001,2018-03-12 20:49:16,2018-03-12 20:51:12
monetaryunit,MonetaryUnit,MUE,360,0.131636,162800.0,16656275.0,0.009774094147701091,126532825.0,126532825.0,1.0,4000000000.0,0.03163320625,0.0070999999999999995,0.0605,-0.34340000000000004,2018-03-12 20:49:03,2018-03-12 20:51:12
bodhi,Bodhi,BOT,361,0.405354,1910660.0,16214160.0,0.11783897531540333,40000000.0,100000000.0,0.4,100000000.0,0.4,0.018799999999999997,0.141,-0.1229,2018-03-12 20:49:16,2018-03-12 20:51:12
florincoin,FlorinCoin,FLO,362,0.112459,111758.0,16043930.0,0.0069657496635799334,142664703.0,142664703.0,1.0,160000000.0,0.89165439375,0.0125,0.053,-0.0308,2018-03-12 20:49:01,2018-03-12 20:51:12
bitusd,bitUSD,BITUSD,363,1.14145,1523180.0,15901997.0,0.09578545386469385,13931400.0,13931400.0,1.0,1.0,0,-0.041299999999999996,-0.0101,0.1085,2018-03-12 20:49:03,2018-03-12 20:51:12
energycoin,Energycoin,ENRG,364,0.129521,9944.89,15763052.0,0.0006308987624985313,121702671.0,121702671.0,1.0,1.0,0,-0.0006,0.08289999999999999,-0.1923,2018-03-12 20:49:02,2018-03-12 20:51:12
bitclave,BitClave,CAT,365,0.0313796,1446050.0,15733556.0,0.09190865688595763,501394406.0,1597746125.0,0.3138135640917295,1.0,0,-0.014199999999999999,0.048,-0.2903,2018-03-12 20:49:17,2018-03-12 20:51:12
bitsend,BitSend,BSD,366,0.849321,242742.0,15672393.0,0.015488508997955832,18452850.0,18452850.0,1.0,1.0,0,0.0014000000000000002,0.039900000000000005,-0.2796,2018-03-12 20:49:03,2018-03-12 20:51:12
fidentiax,FidentiaX,FDX,367,0.14623,27919.1,15354150.0,0.0018183422722846917,105000000.0,130000000.0,0.8076923076923077,1.0,0,0.0002,0.43420000000000003,-0.0519,2018-03-12 20:49:18,2018-03-12 20:51:12
asiacoin,AsiaCoin,AC,368,0.011284,91708.1,15313242.0,0.005988810207531495,1357075703.0,1357075703.0,1.0,1.0,0,-0.0116,-0.1573,1.0756000000000001,2018-03-12 20:49:02,2018-03-12 20:51:12
okcash,OKCash,OK,369,0.206839,849108.0,15286056.0,0.055547879714689,73903160.0,73903160.0,1.0,105000000.0,0.703839619047619,-0.0070999999999999995,0.0839,-0.2879,2018-03-12 20:49:04,2018-03-12 20:51:12
shield-xsh,SHIELD,XSH,370,0.0315215,41821.5,15184559.0,0.0027542123548006895,481720687.0,481720687.0,1.0,660000000.0,0.7298798287878788,-0.0012,0.1097,-0.2489,2018-03-12 20:49:15,2018-03-12 20:51:12
swarm-city,Swarm City,SWT,371,1.85158,98056.7,15090487.0,0.0064979148784263885,8150059.0,8150059.0,1.0,1.0,0,-0.022799999999999997,0.059699999999999996,-0.1833,2018-03-12 20:49:09,2018-03-12 20:51:12
bitdegree,BitDegree,BDG,372,0.0424488,21787.8,15021323.0,0.0014504581254261026,353869198.0,514800000.0,0.6873916045066045,1.0,0,-0.028300000000000002,0.0596,-0.267,2018-03-12 20:49:18,2018-03-12 20:51:12
databits,Databits,DTB,373,0.659479,17164.6,15001702.0,0.0011441768407344712,22747809.0,22747809.0,1.0,1.0,0,0.0040999999999999995,0.10869999999999999,-0.3231,2018-03-12 20:49:09,2018-03-12 20:51:12
target-coin,Target Coin,TGT,374,0.0156995,1239.48,14952673.0,8.289354017171378e-05,952429892.0,2000100000.0,0.47619113644317784,1.0,0,-0.0591,-0.2551,-0.041299999999999996,2018-03-12 20:49:13,2018-03-12 20:51:12
auroracoin,Auroracoin,AUR,375,1.71346,24051.6,14835375.0,0.001621233032532039,8658139.0,8658139.0,1.0,1.0,0,-0.0007000000000000001,0.0548,-0.25920000000000004,2018-03-12 20:49:03,2018-03-12 20:51:12
hedge,Hedge,HDG,376,3.99627,768.002,14824860.0,5.180500861390933e-05,3709674.0,5100033.0,0.7273823522318384,1.0,0,0.0786,0.267,-0.0556,2018-03-12 20:49:14,2018-03-12 20:51:12
mybit-token,MyBit Token,MYB,377,5.28832,22539.2,14804526.0,0.001522453336229745,2799476.0,2812073.0,0.9955203865617998,1.0,0,-0.001,0.0356,0.31370000000000003,2018-03-12 20:49:12,2018-03-12 20:51:12
clams,Clams,CLAM,378,5.063,144129.0,14749833.0,0.009771568261145737,2913260.0,16611481.0,0.1753762954669725,1.0,0,-0.0025,0.10439999999999999,-0.1685,2018-03-12 20:49:03,2018-03-12 20:51:12
snovio,Snovio,SNOV,379,0.0363543,1218790.0,14723399.0,0.08277911914225784,404997468.0,651129644.0,0.6219920590806337,1.0,0,0.0126,0.24280000000000002,-0.1463,2018-03-12 20:49:17,2018-03-12 20:51:12
rubycoin,Rubycoin,RBY,380,0.579698,8323.77,14722320.0,0.0005653843959375968,25396534.0,25396534.0,1.0,1.0,0,-0.0387,0.1207,-0.2742,2018-03-12 20:49:02,2018-03-12 20:51:12
incent,Incent,INCNT,381,0.318871,105929.0,14673360.0,0.007219137266447494,46016602.0,46016625.0,0.9999995001806412,1.0,0,-0.008199999999999999,0.17309999999999998,-0.18789999999999998,2018-03-12 20:49:08,2018-03-12 20:51:12
alis,ALIS,ALIS,382,0.374886,38992.8,14447599.0,0.0026989121168160884,38538647.0,75209200.0,0.5124193183812619,1.0,0,0.0013,0.1564,-0.1727,2018-03-12 20:49:14,2018-03-12 20:51:12
rialto,Rialto,XRL,383,0.197513,10039.2,14403961.0,0.0006969749501543361,72926650.0,100000000.0,0.7292665,1.0,0,-0.0028000000000000004,0.0596,0.0088,2018-03-12 20:49:11,2018-03-12 20:51:12
investfeed,InvestFeed,IFT,384,0.0746616,18312.9,14288831.0,0.001281623388225391,191381257.0,191381257.0,1.0,1.0,0,0.0317,0.1467,-0.26890000000000003,2018-03-12 20:49:12,2018-03-12 20:51:12
myriad,Myriad,XMY,385,0.00913473,33975.3,14241642.0,0.002385630814199655,1559065500.0,1559065500.0,1.0,1.0,0,-0.0037,0.0809,-0.23010000000000003,2018-03-12 20:49:02,2018-03-12 20:51:12
prizm,PRIZM,PZM,386,0.933062,15817.6,14216670.0,0.0011126093522604097,15236575.0,15236575.0,1.0,6000000000.0,0.0025394291666666667,-0.0003,-0.0077,-0.053,2018-03-12 20:49:10,2018-03-12 20:51:12
phore,Phore,PHR,387,2.01957,63099.7,14216463.0,0.004438495003996423,7039351.0,12379351.0,0.5686365141435928,1.0,0,-0.0014000000000000002,0.0947,-0.2969,2018-03-12 20:49:15,2018-03-12 20:51:12
draftcoin,DraftCoin,DFT,388,1.84283,337705.0,14197282.0,0.02378659520885758,7704065.0,17704065.0,0.43515797078241636,1.0,0,0.0034999999999999996,0.11960000000000001,0.2829,2018-03-12 20:49:05,2018-03-12 20:51:12
universal-currency,Universal Currency,UNIT,389,1.06808,29496.1,14103849.0,0.002091351091464465,13204862.0,17304862.0,0.7630723665984739,210000000.0,0.06288029523809524,-0.0027,0.1199,-0.204,2018-03-12 20:49:04,2018-03-12 20:51:12
ixledger,iXledger,IXT,390,0.392076,57015.4,14028026.0,0.004064392238793969,35778844.0,65778844.0,0.5439263116268811,1.0,0,-0.0182,0.1082,-0.1641,2018-03-12 20:49:11,2018-03-12 20:51:12
earthcoin,EarthCoin,EAC,391,0.00117992,15127.4,13925841.0,0.0010862826884207566,11802360291.0,11802360291.0,1.0,1.0,0,-0.08710000000000001,-0.026000000000000002,-0.2751,2018-03-12 20:49:01,2018-03-12 20:51:12
everus,Everus,EVR,392,0.257875,885217.0,13750998.0,0.06437474574572696,53324279.0,1000000000.0,0.053324279,1.0,0,-0.0121,0.1144,-0.4989,2018-03-12 20:49:14,2018-03-12 20:51:12
etheroll,Etheroll,DICE,393,1.95546,17424.7,13691393.0,0.001272675468449412,7001623.0,7001623.0,1.0,7001622.0,0,-0.0017000000000000001,0.109,-0.1502,2018-03-12 20:49:10,2018-03-12 20:51:12
musicoin,Musicoin,MUSIC,394,0.0203889,47518.5,13619186.0,0.003489085177337324,667970630.0,667970630.0,1.0,1.0,0,0.0073,0.0817,-0.2963,2018-03-12 20:49:09,2018-03-12 20:51:12
lomocoin,LoMoCoin,LMC,395,0.0596546,49875.2,13589581.0,0.0036701057964921803,227804414.0,312804414.0,0.7282647040907805,1.0,0,-0.0116,0.0662,-0.2691,2018-03-12 20:49:07,2018-03-12 20:51:12
nvo,NVO,NVST,396,0.905953,1725.09,13589295.0,0.00012694477528083685,15000000.0,15000000.0,1.0,1.0,0,0.0662,0.0336,0.0009,2018-03-12 20:49:11,2018-03-12 20:51:12
open-trading-network,Open Trading Network,OTN,397,3.76447,75139.7,13523404.0,0.005556271187343068,3592379.0,82630002.0,0.043475480007854776,100000000.0,0.03592379,-0.0029,0.0795,-0.2113,2018-03-12 20:49:15,2018-03-12 20:51:12
spectrecoin,Spectrecoin,XSPEC,398,0.648048,37960.1,13469849.0,0.00281815334381254,20785264.0,20785264.0,1.0,1.0,0,-0.0028000000000000004,0.044500000000000005,-0.11320000000000001,2018-03-12 20:49:08,2018-03-12 20:51:12
olympus-labs,Olympus Labs,MOT,399,0.359972,741560.0,13398100.0,0.05534814637896418,37219838.0,100000000.0,0.37219838,1.0,0,0.0034999999999999996,0.1005,-0.4163,2018-03-12 20:49:17,2018-03-12 20:51:12
quantum,Quantum,QAU,400,0.176628,3932.72,13333207.0,0.0002949567947156299,75487507.0,240395553.0,0.31401374134404225,1.0,0,-0.0015,0.0814,-0.1629,2018-03-12 20:49:10,2018-03-12 20:51:12
